"Name","Position","Draft","RUSH","RUSHYDS","RUSHAVG","RUSHTD","TAR","REC","RECYDS","RECAVG","RECTD","C","A","COMPYDS","COMPTD","INT","SCK","DINT","FR","DTD","PA","YA","1-39A","1-39C","40-49A","40-49C","50+A","50+C","TOTA","TOTC","XPA","XPC","PTS","TEAM"
"Le'Veon Bell","RB",1,254.0,1090.0,4.3,"--","--",62.0,502.0,"--",3.0,"--","--","--","--","--","--","--","--","--","--","--","--","--","--","--","--","--","--","--","--","--","211.5","--"
"Adrian Peterson","RB",2,264.0,1231.0,4.7,"--","--",46.0,391.0,"--",2.0,"--","--","--","--","--","--","--","--","--","--","--","--","--","--","--","--","--","--","--","--","--","222.6","--"
"Eddie Lacy","RB",3,301.0,1332.0,4.4,"--","--",45.0,317.0,"--",2.0,"--","--","--","--","--","--","--","--","--","--","--","--","--","--","--","--","--","--","--","--","--","232.7","--"
"Jamaal Charles","RB",4,243.0,1118.0,4.6,"--","--",55.0,473.0,"--",3.0,"--","--","--","--","--","--","--","--","--","--","--","--","--","--","--","--","--","--","--","--","--","218.7","--"
"Marshawn Lynch","RB",5,282.0,1293.0,4.6,"--","--",29.0,233.0,"--",2.0,"--","--","--","--","--","--","--","--","--","--","--","--","--","--","--","--","--","--","--","--","--","208.5","--"
"Antonio Brown","WR",6,5.0,30.0,"--",0.0,170.0,115.0,1513.0,13.2,"--","--","--","--","--","--","--","--","--","--","--","--","--","--","--","--","--","--","--","--","--","--","209.1","--"
"C.J. Anderson","RB",7,277.0,1202.0,4.3,"--","--",47.0,403.0,"--",1.0,"--","--","--","--","--","--","--","--","--","--","--","--","--","--","--","--","--","--","--","--","--","224.6","--"
"Matt Forte","RB",8,241.0,1021.0,4.2,"--","--",65.0,598.0,"--",2.0,"--","--","--","--","--","--","--","--","--","--","--","--","--","--","--","--","--","--","--","--","--","201.4","--"
"DeMarco Murray","RB",9,251.0,1157.0,4.6,"--","--",26.0,200.0,"--",1.0,"--","--","--","--","--","--","--","--","--","--","--","--","--","--","--","--","--","--","--","--","--","203.6","--"
"Demaryius Thomas","WR",10,0.0,0.0,"--",0.0,166.0,102.0,1302.0,12.8,"--","--","--","--","--","--","--","--","--","--","--","--","--","--","--","--","--","--","--","--","--","--","196","--"
"LeSean McCoy","RB",11,304.0,1363.0,4.5,"--","--",36.0,255.0,"--",1.0,"--","--","--","--","--","--","--","--","--","--","--","--","--","--","--","--","--","--","--","--","--","205.5","--"
"Rob Gronkowski","TE",12,0.0,0.0,"--",0.0,136.0,88.0,1087.0,12.4,"--","--","--","--","--","--","--","--","--","--","--","--","--","--","--","--","--","--","--","--","--","--","162","--"
"Dez Bryant","WR",13,0.0,0.0,"--",0.0,143.0,90.0,1367.0,15.2,"--","--","--","--","--","--","--","--","--","--","--","--","--","--","--","--","--","--","--","--","--","--","194","--"
"Jeremy Hill","RB",14,274.0,1259.0,4.6,"--","--",22.0,169.0,"--",1.0,"--","--","--","--","--","--","--","--","--","--","--","--","--","--","--","--","--","--","--","--","--","201.6","--"
"Odell Beckham Jr.","WR",15,8.0,55.0,"--",0.0,161.0,103.0,1380.0,13.4,"--","--","--","--","--","--","--","--","--","--","--","--","--","--","--","--","--","--","--","--","--","--","191","--"
"Julio Jones","WR",16,2.0,13.0,"--",0.0,159.0,105.0,1403.0,13.4,"--","--","--","--","--","--","--","--","--","--","--","--","--","--","--","--","--","--","--","--","--","--","187.1","--"
"Calvin Johnson","WR",17,0.0,0.0,"--",0.0,145.0,87.0,1282.0,14.7,"--","--","--","--","--","--","--","--","--","--","--","--","--","--","--","--","--","--","--","--","--","--","188","--"
"A.J. Green","WR",18,5.0,30.0,"--",0.0,151.0,90.0,1274.0,14.2,"--","--","--","--","--","--","--","--","--","--","--","--","--","--","--","--","--","--","--","--","--","--","182.1","--"
"Randall Cobb","WR",19,14.0,106.0,"--",0.0,125.0,88.0,1200.0,13.6,"--","--","--","--","--","--","--","--","--","--","--","--","--","--","--","--","--","--","--","--","--","--","178","--"
"Aaron Rodgers","QB",20,33.0,8.0,"--",50.0,"--","--","--","--","--",342.0,"--",349.0,"--",4305.0,"--","--","--","--","--","--","--","--","--","--","--","--","--","--","--","--","317","--"
"Alshon Jeffery","WR",21,8.0,51.0,"--",0.0,147.0,88.0,1222.0,13.9,"--","--","--","--","--","--","--","--","--","--","--","--","--","--","--","--","--","--","--","--","--","--","173","--"
"T.Y. Hilton","WR",22,4.0,26.0,"--",0.0,136.7,86.0,1197.0,13.9,"--","--","--","--","--","--","--","--","--","--","--","--","--","--","--","--","--","--","--","--","--","--","167.2","--"
"Mike Evans","WR",23,0.0,0.0,"--",0.0,136.7,81.0,1209.0,14.9,"--","--","--","--","--","--","--","--","--","--","--","--","--","--","--","--","--","--","--","--","--","--","160","--"
"Mark Ingram","RB",24,227.0,939.0,4.1,"--","--",29.0,220.0,"--",1.0,"--","--","--","--","--","--","--","--","--","--","--","--","--","--","--","--","--","--","--","--","--","179.6","--"
"Andrew Luck","QB",25,37.0,17.0,"--",56.0,"--","--","--","--","--",336.0,"--",383.0,"--",4495.0,"--","--","--","--","--","--","--","--","--","--","--","--","--","--","--","--","323.3","--"
"Emmanuel Sanders","WR",26,9.0,60.0,"--",0.0,120.7,78.0,1090.0,14.0,"--","--","--","--","--","--","--","--","--","--","--","--","--","--","--","--","--","--","--","--","--","--","155","--"
"DeAndre Hopkins","WR",27,0.0,0.0,"--",0.0,135.9,83.0,1173.0,14.1,"--","--","--","--","--","--","--","--","--","--","--","--","--","--","--","--","--","--","--","--","--","--","139.1","--"
"Alfred Morris","RB",28,250.0,1064.0,4.3,"--","--",22.0,168.0,"--",1.0,"--","--","--","--","--","--","--","--","--","--","--","--","--","--","--","--","--","--","--","--","--","168.5","--"
"Lamar Miller","RB",29,257.0,1155.0,4.5,"--","--",40.0,311.0,"--",1.0,"--","--","--","--","--","--","--","--","--","--","--","--","--","--","--","--","--","--","--","--","--","192.5","--"
"Brandin Cooks","WR",30,12.0,82.0,"--",0.0,121.7,83.0,1144.0,13.8,"--","--","--","--","--","--","--","--","--","--","--","--","--","--","--","--","--","--","--","--","--","--","158.8","--"
"Jordan Matthews","WR",31,0.0,0.0,"--",0.0,130.9,80.0,990.0,12.4,"--","--","--","--","--","--","--","--","--","--","--","--","--","--","--","--","--","--","--","--","--","--","147","--"
"Jimmy Graham","TE",32,0.0,0.0,"--",0.0,104.0,65.0,775.0,11.9,"--","--","--","--","--","--","--","--","--","--","--","--","--","--","--","--","--","--","--","--","--","--","130.1","--"
"Carlos Hyde","RB",33,266.0,1105.0,4.2,"--","--",23.0,182.0,"--",1.0,"--","--","--","--","--","--","--","--","--","--","--","--","--","--","--","--","--","--","--","--","--","186.5","--"
"Justin Forsett","RB",34,223.0,1025.0,4.6,"--","--",52.0,402.0,"--",2.0,"--","--","--","--","--","--","--","--","--","--","--","--","--","--","--","--","--","--","--","--","--","182.4","--"
"Keenan Allen","WR",35,0.0,0.0,"--",0.0,117.9,78.0,1054.0,13.5,"--","--","--","--","--","--","--","--","--","--","--","--","--","--","--","--","--","--","--","--","--","--","139.5","--"
"Russell Wilson","QB",36,27.0,9.0,"--",101.0,"--","--","--","--","--",312.0,"--",279.0,"--",3468.0,"--","--","--","--","--","--","--","--","--","--","--","--","--","--","--","--","299.8","--"
"Melvin Gordon","RB",37,260.0,1148.0,4.4,"--","--",22.0,171.0,"--",1.0,"--","--","--","--","--","--","--","--","--","--","--","--","--","--","--","--","--","--","--","--","--","163.3","--"
"Peyton Manning","QB",38,34.0,14.0,"--",24.0,"--","--","--","--","--",307.0,"--",393.0,"--",4675.0,"--","--","--","--","--","--","--","--","--","--","--","--","--","--","--","--","299","--"
"Jonathan Stewart","RB",39,248.0,1137.0,4.6,"--","--",28.0,194.0,"--",1.0,"--","--","--","--","--","--","--","--","--","--","--","--","--","--","--","--","--","--","--","--","--","170.4","--"
"Julian Edelman","WR",40,9.0,59.0,"--",0.0,135.2,98.0,1007.0,10.3,"--","--","--","--","--","--","--","--","--","--","--","--","--","--","--","--","--","--","--","--","--","--","146.4","--"
"Vincent Jackson","WR",41,0.0,0.0,"--",0.0,112.5,65.0,1002.0,15.4,"--","--","--","--","--","--","--","--","--","--","--","--","--","--","--","--","--","--","--","--","--","--","130","--"
"Frank Gore","RB",42,240.0,986.0,4.1,"--","--",39.0,316.0,"--",2.0,"--","--","--","--","--","--","--","--","--","--","--","--","--","--","--","--","--","--","--","--","--","175.5","--"
"Drew Brees","QB",43,32.0,13.0,"--",26.0,"--","--","--","--","--",290.0,"--",405.0,"--",4906.0,"--","--","--","--","--","--","--","--","--","--","--","--","--","--","--","--","301.9","--"
"Tom Brady","QB",44,32.0,11.0,"--",35.0,"--","--","--","--","--",267.0,"--",404.0,"--",4411.0,"--","--","--","--","--","--","--","--","--","--","--","--","--","--","--","--","295.9","--"
"DeSean Jackson","WR",45,4.0,26.0,"--",0.0,115.8,72.0,1098.0,15.3,"--","--","--","--","--","--","--","--","--","--","--","--","--","--","--","--","--","--","--","--","--","--","141","--"
"Todd Gurley","RB",46,178.0,814.0,4.6,"--","--",18.0,143.0,"--",1.0,"--","--","--","--","--","--","--","--","--","--","--","--","--","--","--","--","--","--","--","--","--","129.3","--"
"Joique Bell","RB",47,212.0,809.0,3.8,"--","--",32.0,250.0,"--",1.0,"--","--","--","--","--","--","--","--","--","--","--","--","--","--","--","--","--","--","--","--","--","149.5","--"
"Amari Cooper","WR",48,4.0,25.0,"--",0.0,123.8,77.0,1027.0,13.3,"--","--","--","--","--","--","--","--","--","--","--","--","--","--","--","--","--","--","--","--","--","--","132","--"
"Latavius Murray","RB",49,235.0,1025.0,4.4,"--","--",30.0,228.0,"--",1.0,"--","--","--","--","--","--","--","--","--","--","--","--","--","--","--","--","--","--","--","--","--","164.8","--"
"Golden Tate","WR",50,4.0,26.0,"--",0.0,128.3,85.0,1064.0,12.5,"--","--","--","--","--","--","--","--","--","--","--","--","--","--","--","--","--","--","--","--","--","--","137.1","--"
"Andre Ellington","RB",51,172.0,676.0,3.9,"--","--",48.0,438.0,"--",2.0,"--","--","--","--","--","--","--","--","--","--","--","--","--","--","--","--","--","--","--","--","--","144.3","--"
"Joseph Randle","RB",52,170.0,752.0,4.4,"--","--",10.0,85.0,"--",1.0,"--","--","--","--","--","--","--","--","--","--","--","--","--","--","--","--","--","--","--","--","--","115.3","--"
"T.J. Yeldon","RB",53,219.0,932.0,4.3,"--","--",28.0,224.0,"--",1.0,"--","--","--","--","--","--","--","--","--","--","--","--","--","--","--","--","--","--","--","--","--","153.4","--"
"Arian Foster","RB",54,236.0,1078.0,4.6,"--","--",46.0,360.0,"--",2.0,"--","--","--","--","--","--","--","--","--","--","--","--","--","--","--","--","--","--","--","--","--","189.4","--"
"Chris Ivory","RB",55,221.0,968.0,4.4,"--","--",26.0,186.0,"--",1.0,"--","--","--","--","--","--","--","--","--","--","--","--","--","--","--","--","--","--","--","--","--","148.4","--"
"Giovani Bernard","RB",56,137.0,560.0,4.1,"--","--",59.0,464.0,"--",2.0,"--","--","--","--","--","--","--","--","--","--","--","--","--","--","--","--","--","--","--","--","--","142.3","--"
"Davante Adams","WR",57,0.0,0.0,"--",0.0,95.0,60.0,864.0,14.4,"--","--","--","--","--","--","--","--","--","--","--","--","--","--","--","--","--","--","--","--","--","--","122","--"
"Andre Johnson","WR",58,0.0,0.0,"--",0.0,113.9,71.0,897.0,12.6,"--","--","--","--","--","--","--","--","--","--","--","--","--","--","--","--","--","--","--","--","--","--","135.1","--"
"Brandon Marshall","WR",59,0.0,0.0,"--",0.0,129.8,80.0,1002.0,12.5,"--","--","--","--","--","--","--","--","--","--","--","--","--","--","--","--","--","--","--","--","--","--","140","--"
"Jeremy Maclin","WR",60,0.0,0.0,"--",0.0,115.4,77.0,997.0,12.9,"--","--","--","--","--","--","--","--","--","--","--","--","--","--","--","--","--","--","--","--","--","--","129.4","--"
"Sammy Watkins","WR",61,5.0,31.0,"--",0.0,131.5,72.0,969.0,13.5,"--","--","--","--","--","--","--","--","--","--","--","--","--","--","--","--","--","--","--","--","--","--","133","--"
"Mike Wallace","WR",62,0.0,0.0,"--",0.0,99.6,59.0,894.0,15.2,"--","--","--","--","--","--","--","--","--","--","--","--","--","--","--","--","--","--","--","--","--","--","117","--"
"Rashad Jennings","RB",63,191.0,762.0,4.0,"--","--",18.0,142.0,"--",1.0,"--","--","--","--","--","--","--","--","--","--","--","--","--","--","--","--","--","--","--","--","--","136.4","--"
"Greg Olsen","TE",64,0.0,0.0,"--",0.0,106.1,71.0,865.0,12.2,"--","--","--","--","--","--","--","--","--","--","--","--","--","--","--","--","--","--","--","--","--","--","115.3","--"
"C.J. Spiller","RB",65,98.0,451.0,4.6,"--","--",67.0,559.0,"--",3.0,"--","--","--","--","--","--","--","--","--","--","--","--","--","--","--","--","--","--","--","--","--","140.9","--"
"Jarvis Landry","WR",66,4.0,26.0,"--",0.0,136.6,91.0,962.0,10.6,"--","--","--","--","--","--","--","--","--","--","--","--","--","--","--","--","--","--","--","--","--","--","129.6","--"
"LeGarrette Blount","RB",67,225.0,1017.0,4.5,"--","--",8.0,65.0,"--",0.0,"--","--","--","--","--","--","--","--","--","--","--","--","--","--","--","--","--","--","--","--","--","165.5","--"
"Isaiah Crowell","RB",68,274.0,1179.0,4.3,"--","--",17.0,133.0,"--",0.0,"--","--","--","--","--","--","--","--","--","--","--","--","--","--","--","--","--","--","--","--","--","166.5","--"
"Allen Robinson","WR",69,0.0,0.0,"--",0.0,128.3,79.0,1039.0,13.2,"--","--","--","--","--","--","--","--","--","--","--","--","--","--","--","--","--","--","--","--","--","--","133","--"
"Ben Roethlisberger","QB",70,29.0,13.0,"--",34.0,"--","--","--","--","--",295.0,"--",383.0,"--",4555.0,"--","--","--","--","--","--","--","--","--","--","--","--","--","--","--","--","279.8","--"
"Travis Kelce","TE",71,0.0,0.0,"--",0.0,110.2,77.0,838.0,10.9,"--","--","--","--","--","--","--","--","--","--","--","--","--","--","--","--","--","--","--","--","--","--","117.3","--"
"Eric Decker","WR",72,0.0,0.0,"--",0.0,108.6,70.0,918.0,13.1,"--","--","--","--","--","--","--","--","--","--","--","--","--","--","--","--","--","--","--","--","--","--","115","--"
"Nelson Agholor","WR",73,0.0,0.0,"--",0.0,103.9,64.0,860.0,13.4,"--","--","--","--","--","--","--","--","--","--","--","--","--","--","--","--","--","--","--","--","--","--","122.2","--"
"Charles Johnson","WR",74,0.0,0.0,"--",0.0,100.9,60.0,881.0,14.7,"--","--","--","--","--","--","--","--","--","--","--","--","--","--","--","--","--","--","--","--","--","--","118","--"
"Ryan Mathews","RB",75,160.0,724.0,4.5,"--","--",14.0,112.0,"--",1.0,"--","--","--","--","--","--","--","--","--","--","--","--","--","--","--","--","--","--","--","--","--","110.4","--"
"Torrey Smith","WR",76,0.0,0.0,"--",0.0,98.2,57.0,945.0,16.6,"--","--","--","--","--","--","--","--","--","--","--","--","--","--","--","--","--","--","--","--","--","--","118","--"
"Martellus Bennett","TE",77,0.0,0.0,"--",0.0,108.7,72.0,777.0,10.8,"--","--","--","--","--","--","--","--","--","--","--","--","--","--","--","--","--","--","--","--","--","--","106.9","--"
"Michael Floyd","WR",78,0.0,0.0,"--",0.0,101.1,61.0,859.0,14.1,"--","--","--","--","--","--","--","--","--","--","--","--","--","--","--","--","--","--","--","--","--","--","119.1","--"
"Tre Mason","RB",79,144.0,634.0,4.4,"--","--",18.0,139.0,"--",0.0,"--","--","--","--","--","--","--","--","--","--","--","--","--","--","--","--","--","--","--","--","--","92.2","--"
"Doug Martin","RB",80,210.0,822.0,3.9,"--","--",20.0,158.0,"--",0.0,"--","--","--","--","--","--","--","--","--","--","--","--","--","--","--","--","--","--","--","--","--","119.2","--"
"Martavis Bryant","WR",81,3.0,20.0,"--",0.0,68.4,42.0,630.0,15.0,"--","--","--","--","--","--","--","--","--","--","--","--","--","--","--","--","--","--","--","--","--","--","95","--"
"Jason Witten","TE",82,0.0,0.0,"--",0.0,82.9,58.0,670.0,11.6,"--","--","--","--","--","--","--","--","--","--","--","--","--","--","--","--","--","--","--","--","--","--","103","--"
"Shane Vereen","RB",83,83.0,347.0,4.2,"--","--",48.0,437.0,"--",2.0,"--","--","--","--","--","--","--","--","--","--","--","--","--","--","--","--","--","--","--","--","--","107.3","--"
"Matt Ryan","QB",84,28.0,12.0,"--",28.0,"--","--","--","--","--",268.0,"--",389.0,"--",4594.0,"--","--","--","--","--","--","--","--","--","--","--","--","--","--","--","--","280.6","--"
"Larry Fitzgerald","WR",85,0.0,0.0,"--",0.0,104.2,66.0,830.0,12.6,"--","--","--","--","--","--","--","--","--","--","--","--","--","--","--","--","--","--","--","--","--","--","119","--"
"John Brown","WR",86,4.0,25.0,"--",0.0,102.1,62.0,870.0,14.0,"--","--","--","--","--","--","--","--","--","--","--","--","--","--","--","--","--","--","--","--","--","--","119","--"
"Tevin Coleman","RB",87,182.0,759.0,4.2,"--","--",23.0,183.0,"--",1.0,"--","--","--","--","--","--","--","--","--","--","--","--","--","--","--","--","--","--","--","--","--","139.4","--"
"Jordan Cameron","TE",88,0.0,0.0,"--",0.0,75.9,51.0,624.0,12.2,"--","--","--","--","--","--","--","--","--","--","--","--","--","--","--","--","--","--","--","--","--","--","91.7","--"
"Marques Colston","WR",89,0.0,0.0,"--",0.0,81.2,53.0,797.0,15.0,"--","--","--","--","--","--","--","--","--","--","--","--","--","--","--","--","--","--","--","--","--","--","109","--"
"Ameer Abdullah","RB",90,125.0,560.0,4.5,"--","--",49.0,402.0,"--",2.0,"--","--","--","--","--","--","--","--","--","--","--","--","--","--","--","--","--","--","--","--","--","124.3","--"
"Devonta Freeman","RB",91,165.0,656.0,4.0,"--","--",41.0,390.0,"--",1.0,"--","--","--","--","--","--","--","--","--","--","--","--","--","--","--","--","--","--","--","--","--","138.4","--"
"Duke Johnson Jr.","RB",92,147.0,665.0,4.5,"--","--",45.0,367.0,"--",1.0,"--","--","--","--","--","--","--","--","--","--","--","--","--","--","--","--","--","--","--","--","--","130.3","--"
"Danny Woodhead","RB",93,78.0,337.0,4.3,"--","--",55.0,516.0,"--",3.0,"--","--","--","--","--","--","--","--","--","--","--","--","--","--","--","--","--","--","--","--","--","106.2","--"
"Kendall Wright","WR",94,4.0,25.0,"--",0.0,114.7,76.0,837.0,11.0,"--","--","--","--","--","--","--","--","--","--","--","--","--","--","--","--","--","--","--","--","--","--","107","--"
"Bishop Sankey","RB",95,174.0,730.0,4.2,"--","--",19.0,141.0,"--",0.0,"--","--","--","--","--","--","--","--","--","--","--","--","--","--","--","--","--","--","--","--","--","113.3","--"
"Andre Williams","RB",96,131.0,533.0,4.1,"--","--",9.0,73.0,"--",0.0,"--","--","--","--","--","--","--","--","--","--","--","--","--","--","--","--","--","--","--","--","--","84.2","--"
"Steve Smith Sr.","WR",97,0.0,0.0,"--",0.0,97.1,63.0,847.0,13.4,"--","--","--","--","--","--","--","--","--","--","--","--","--","--","--","--","--","--","--","--","--","--","112.1","--"
"Tony Romo","QB",98,33.0,11.0,"--",27.0,"--","--","--","--","--",258.0,"--",322.0,"--",4102.0,"--","--","--","--","--","--","--","--","--","--","--","--","--","--","--","--","279","--"
"Alfred Blue","RB",99,127.0,496.0,3.9,"--","--",14.0,114.0,"--",0.0,"--","--","--","--","--","--","--","--","--","--","--","--","--","--","--","--","--","--","--","--","--","78.2","--"
"Anquan Boldin","WR",100,0.0,0.0,"--",0.0,107.6,72.0,890.0,12.4,"--","--","--","--","--","--","--","--","--","--","--","--","--","--","--","--","--","--","--","--","--","--","107","--"
"Charles Sims","RB",101,95.0,368.0,3.9,"--","--",46.0,381.0,"--",1.0,"--","--","--","--","--","--","--","--","--","--","--","--","--","--","--","--","--","--","--","--","--","88.2","--"
"Darren McFadden","RB",102,63.0,247.0,3.9,"--","--",11.0,91.0,"--",1.0,"--","--","--","--","--","--","--","--","--","--","--","--","--","--","--","--","--","--","--","--","--","51.1","--"
"DeAngelo Williams","RB",103,96.0,438.0,4.6,"--","--",8.0,65.0,"--",0.0,"--","--","--","--","--","--","--","--","--","--","--","--","--","--","--","--","--","--","--","--","--","59.1","--"
"Knile Davis","RB",104,87.0,343.0,3.9,"--","--",15.0,112.0,"--",1.0,"--","--","--","--","--","--","--","--","--","--","--","--","--","--","--","--","--","--","--","--","--","77.1","--"
"Devin Funchess","WR",105,0.0,0.0,"--",0.0,107.2,63.0,802.0,12.7,"--","--","--","--","--","--","--","--","--","--","--","--","--","--","--","--","--","--","--","--","--","--","116","--"
"Roddy White","WR",106,0.0,0.0,"--",0.0,97.4,65.0,821.0,12.6,"--","--","--","--","--","--","--","--","--","--","--","--","--","--","--","--","--","--","--","--","--","--","110.1","--"
"David Johnson","RB",107,91.0,369.0,4.1,"--","--",32.0,259.0,"--",1.0,"--","--","--","--","--","--","--","--","--","--","--","--","--","--","--","--","--","--","--","--","--","83.3","--"
"Pierre Garcon","WR",108,0.0,0.0,"--",0.0,111.4,70.0,888.0,12.7,"--","--","--","--","--","--","--","--","--","--","--","--","--","--","--","--","--","--","--","--","--","--","112","--"
"DeVante Parker","WR",109,0.0,0.0,"--",0.0,88.4,57.0,787.0,13.8,"--","--","--","--","--","--","--","--","--","--","--","--","--","--","--","--","--","--","--","--","--","--","108","--"
"Ronnie Hillman","RB",110,102.0,418.0,4.1,"--","--",19.0,164.0,"--",1.0,"--","--","--","--","--","--","--","--","--","--","--","--","--","--","--","--","--","--","--","--","--","79.3","--"
"Denard Robinson","RB",111,76.0,310.0,4.1,"--","--",28.0,196.0,"--",1.0,"--","--","--","--","--","--","--","--","--","--","--","--","--","--","--","--","--","--","--","--","--","67.2","--"
"Zach Ertz","TE",112,0.0,0.0,"--",0.0,73.1,49.0,609.0,12.4,"--","--","--","--","--","--","--","--","--","--","--","--","--","--","--","--","--","--","--","--","--","--","89.6","--"
"Cody Latimer","WR",113,0.0,0.0,"--",0.0,79.3,50.0,669.0,13.4,"--","--","--","--","--","--","--","--","--","--","--","--","--","--","--","--","--","--","--","--","--","--","96","--"
"Donte Moncrief","WR",114,4.0,28.0,"--",0.0,38.0,23.0,322.0,14.0,"--","--","--","--","--","--","--","--","--","--","--","--","--","--","--","--","--","--","--","--","--","--","46","--"
"Delanie Walker","TE",115,0.0,0.0,"--",0.0,98.7,64.0,728.0,11.4,"--","--","--","--","--","--","--","--","--","--","--","--","--","--","--","--","--","--","--","--","--","--","94.6","--"
"Cam Newton","QB",116,22.0,14.0,"--",104.0,"--","--","--","--","--",237.0,"--",296.0,"--",3525.0,"--","--","--","--","--","--","--","--","--","--","--","--","--","--","--","--","272.6","--"
"Lorenzo Taliaferro","RB",117,117.0,483.0,4.1,"--","--",16.0,127.0,"--",1.0,"--","--","--","--","--","--","--","--","--","--","--","--","--","--","--","--","--","--","--","--","--","88.2","--"
"Eddie Royal","WR",118,0.0,0.0,"--",0.0,104.6,67.0,795.0,11.9,"--","--","--","--","--","--","--","--","--","--","--","--","--","--","--","--","--","--","--","--","--","--","102.4","--"
"Markus Wheaton","WR",119,5.0,30.0,"--",0.0,79.5,50.0,682.0,13.6,"--","--","--","--","--","--","--","--","--","--","--","--","--","--","--","--","--","--","--","--","--","--","90.4","--"
"Ryan Tannehill","QB",120,26.0,13.0,"--",52.0,"--","--","--","--","--",266.0,"--",364.0,"--",4264.0,"--","--","--","--","--","--","--","--","--","--","--","--","--","--","--","--","276.7","--"
"Eli Manning","QB",121,30.0,17.0,"--",17.0,"--","--","--","--","--",263.0,"--",389.0,"--",4788.0,"--","--","--","--","--","--","--","--","--","--","--","--","--","--","--","--","269.9","--"
"Larry Donnell","TE",122,0.0,0.0,"--",0.0,76.3,50.0,594.0,11.9,"--","--","--","--","--","--","--","--","--","--","--","--","--","--","--","--","--","--","--","--","--","--","87.9","--"
"Terrance West","RB",123,24.0,102.0,4.3,"--","--",2.0,16.0,"--",0.0,"--","--","--","--","--","--","--","--","--","--","--","--","--","--","--","--","--","--","--","--","--","17","--"
"Jerick McKinnon","RB",124,58.0,267.0,4.6,"--","--",23.0,179.0,"--",1.0,"--","--","--","--","--","--","--","--","--","--","--","--","--","--","--","--","--","--","--","--","--","55.1","--"
"Khiry Robinson","RB",125,50.0,216.0,4.3,"--","--",9.0,76.0,"--",0.0,"--","--","--","--","--","--","--","--","--","--","--","--","--","--","--","--","--","--","--","--","--","40.1","--"
"Christine Michael","RB",126,141.0,602.0,4.3,"--","--",9.0,75.0,"--",0.0,"--","--","--","--","--","--","--","--","--","--","--","--","--","--","--","--","--","--","--","--","--","93.3","--"
"Marvin Jones","WR",127,2.0,15.0,"--",0.0,72.7,44.0,573.0,13.0,"--","--","--","--","--","--","--","--","--","--","--","--","--","--","--","--","--","--","--","--","--","--","76","--"
"Seahawks D/ST","D/ST",128,"--","--","--","--","--","--","--","--","--","--","--","--","--","--",39.0,16.0,11.0,5.0,250.0,4292.3,"--","--","--","--","--","--","--","--","--","--","187","--"
"Darren Sproles","RB",129,50.0,231.0,4.6,"--","--",45.0,364.0,"--",2.0,"--","--","--","--","--","--","--","--","--","--","--","--","--","--","--","--","--","--","--","--","--","83.8","--"
"Bills D/ST","D/ST",130,"--","--","--","--","--","--","--","--","--","--","--","--","--","--",51.0,17.0,10.0,3.0,303.0,5003.5,"--","--","--","--","--","--","--","--","--","--","137","--"
"Malcom Floyd","WR",131,0.0,0.0,"--",0.0,68.9,43.0,732.0,17.0,"--","--","--","--","--","--","--","--","--","--","--","--","--","--","--","--","--","--","--","--","--","--","103","--"
"Roy Helu","RB",132,76.0,313.0,4.1,"--","--",44.0,347.0,"--",1.0,"--","--","--","--","--","--","--","--","--","--","--","--","--","--","--","--","--","--","--","--","--","81.2","--"
"Victor Cruz","WR",133,0.0,0.0,"--",0.0,77.4,50.0,674.0,13.5,"--","--","--","--","--","--","--","--","--","--","--","--","--","--","--","--","--","--","--","--","--","--","91","--"
"Philip Rivers","QB",134,29.0,16.0,"--",32.0,"--","--","--","--","--",254.0,"--",356.0,"--",4464.0,"--","--","--","--","--","--","--","--","--","--","--","--","--","--","--","--","266.8","--"
"Sam Bradford","QB",135,28.0,12.0,"--",41.0,"--","--","--","--","--",0.0,"--",328.0,"--",3806.0,"--","--","--","--","--","--","--","--","--","--","--","--","--","--","--","--","254.7","--"
"Texans D/ST","D/ST",136,"--","--","--","--","--","--","--","--","--","--","--","--","--","--",42.0,18.0,16.0,2.0,295.0,5511.8,"--","--","--","--","--","--","--","--","--","--","132","--"
"Rams D/ST","D/ST",137,"--","--","--","--","--","--","--","--","--","--","--","--","--","--",48.0,13.0,11.0,3.0,320.0,5150.0,"--","--","--","--","--","--","--","--","--","--","124","--"
"Josh Robinson","RB",138,67.0,281.0,4.2,"--","--",18.0,152.0,"--",1.0,"--","--","--","--","--","--","--","--","--","--","--","--","--","--","--","--","--","--","--","--","--","59.1","--"
"Dorial Green-Beckham","WR",139,0.0,0.0,"--",0.0,71.8,41.0,583.0,14.2,"--","--","--","--","--","--","--","--","--","--","--","--","--","--","--","--","--","--","--","--","--","--","82","--"
"Cameron Artis-Payne","RB",140,66.0,276.0,4.2,"--","--",6.0,47.0,"--",0.0,"--","--","--","--","--","--","--","--","--","--","--","--","--","--","--","--","--","--","--","--","--","41.1","--"
"Karlos Williams","RB",141,64.0,254.0,4.0,"--","--",10.0,77.0,"--",0.0,"--","--","--","--","--","--","--","--","--","--","--","--","--","--","--","--","--","--","--","--","--","42.1","--"
"Michael Crabtree","WR",142,0.0,0.0,"--",0.0,101.2,64.0,749.0,11.7,"--","--","--","--","--","--","--","--","--","--","--","--","--","--","--","--","--","--","--","--","--","--","98","--"
"Jets D/ST","D/ST",143,"--","--","--","--","--","--","--","--","--","--","--","--","--","--",45.0,13.0,10.0,2.0,312.0,5161.2,"--","--","--","--","--","--","--","--","--","--","111","--"
"Broncos D/ST","D/ST",144,"--","--","--","--","--","--","--","--","--","--","--","--","--","--",41.0,17.0,6.0,3.0,354.0,4889.3,"--","--","--","--","--","--","--","--","--","--","113","--"
"Ravens D/ST","D/ST",145,"--","--","--","--","--","--","--","--","--","--","--","--","--","--",49.0,12.0,11.0,1.0,298.0,5377.6,"--","--","--","--","--","--","--","--","--","--","109","--"
"Dolphins D/ST","D/ST",146,"--","--","--","--","--","--","--","--","--","--","--","--","--","--",43.0,13.0,13.0,2.0,327.0,5366.7,"--","--","--","--","--","--","--","--","--","--","117","--"
"Cardinals D/ST","D/ST",147,"--","--","--","--","--","--","--","--","--","--","--","--","--","--",45.0,14.0,8.0,3.0,304.0,5861.1,"--","--","--","--","--","--","--","--","--","--","101","--"
"Fred Jackson","RB",148,74.0,320.0,4.3,"--","--",13.0,108.0,"--",1.0,"--","--","--","--","--","--","--","--","--","--","--","--","--","--","--","--","--","--","--","--","--","58.2","--"
"Dwayne Allen","TE",149,0.0,0.0,"--",0.0,74.8,50.0,545.0,10.9,"--","--","--","--","--","--","--","--","--","--","--","--","--","--","--","--","--","--","--","--","--","--","89.5","--"
"Lions D/ST","D/ST",150,"--","--","--","--","--","--","--","--","--","--","--","--","--","--",40.0,14.0,6.0,2.0,327.0,4884.9,"--","--","--","--","--","--","--","--","--","--","102","--"
"Stephen Gostkowski","K",151,"--","--","--","--","--","--","--","--","--","--","--","--","--","--","--","--","--","--","--","--",18.0,17.0,11.0,9.0,3.0,2.0,32.0,28.0,50.0,48.0,"141","--"
"Adam Vinatieri","K",152,"--","--","--","--","--","--","--","--","--","--","--","--","--","--","--","--","--","--","--","--",15.0,14.0,10.0,9.0,5.0,3.0,30.0,26.0,52.0,50.0,"139","--"
"Steven Hauschka","K",153,"--","--","--","--","--","--","--","--","--","--","--","--","--","--","--","--","--","--","--","--",20.0,19.0,11.0,9.0,7.0,5.0,38.0,33.0,30.0,30.0,"143","--"
"Justin Tucker","K",154,"--","--","--","--","--","--","--","--","--","--","--","--","--","--","--","--","--","--","--","--",19.0,18.0,8.0,7.0,6.0,4.0,33.0,29.0,40.0,40.0,"138","--"
"Cody Parkey","K",155,"--","--","--","--","--","--","--","--","--","--","--","--","--","--","--","--","--","--","--","--",19.0,18.0,9.0,7.0,2.0,2.0,30.0,27.0,47.0,45.0,"134","--"
"Matt Prater","K",156,"--","--","--","--","--","--","--","--","--","--","--","--","--","--","--","--","--","--","--","--",14.0,13.0,15.0,12.0,4.0,3.0,33.0,28.0,41.0,39.0,"136","--"
"Matt Bryant","K",157,"--","--","--","--","--","--","--","--","--","--","--","--","--","--","--","--","--","--","--","--",18.0,17.0,8.0,7.0,6.0,4.0,32.0,28.0,44.0,42.0,"137","--"
"Dan Bailey","K",158,"--","--","--","--","--","--","--","--","--","--","--","--","--","--","--","--","--","--","--","--",15.0,14.0,8.0,7.0,6.0,4.0,29.0,25.0,52.0,50.0,"136","--"
"Brandon McManus","K",159,"--","--","--","--","--","--","--","--","--","--","--","--","--","--","--","--","--","--","--","--",18.0,16.0,9.0,7.0,5.0,2.0,32.0,25.0,54.0,51.0,"130","--"
"Dan Carpenter","K",160,"--","--","--","--","--","--","--","--","--","--","--","--","--","--","--","--","--","--","--","--",19.0,18.0,8.0,7.0,6.0,4.0,33.0,29.0,36.0,36.0,"134","--"
"Matt Jones","RB",161,76.0,281.0,3.7,"--","--",34.0,268.0,"--",1.0,"--","--","--","--","--","--","--","--","--","--","--","--","--","--","--","--","--","--","--","--","--","76.2","--"
"Brian Quick","WR",162,0.0,0.0,"--",0.0,91.6,55.0,786.0,14.3,"--","--","--","--","--","--","--","--","--","--","--","--","--","--","--","--","--","--","--","--","--","--","108","--"
"Reggie Bush","RB",163,72.0,314.0,4.4,"--","--",39.0,332.0,"--",1.0,"--","--","--","--","--","--","--","--","--","--","--","--","--","--","--","--","--","--","--","--","--","77.6","--"
"Dion Lewis","RB",164,71.0,307.0,4.3,"--","--",46.0,371.0,"--",2.0,"--","--","--","--","--","--","--","--","--","--","--","--","--","--","--","--","--","--","--","--","--","89.3","--"
"Breshad Perriman","WR",165,0.0,0.0,"--",0.0,72.4,42.0,583.0,13.9,"--","--","--","--","--","--","--","--","--","--","--","--","--","--","--","--","--","--","--","--","--","--","82","--"
"Theo Riddick","RB",166,17.0,65.0,3.8,"--","--",29.0,248.0,"--",1.0,"--","--","--","--","--","--","--","--","--","--","--","--","--","--","--","--","--","--","--","--","--","36.1","--"
"Percy Harvin","WR",167,23.0,147.0,"--",1.0,78.6,49.0,538.0,11.0,"--","--","--","--","--","--","--","--","--","--","--","--","--","--","--","--","--","--","--","--","--","--","93.8","--"
"Jeremy Langford","RB",168,59.0,237.0,4.0,"--","--",2.0,17.0,"--",0.0,"--","--","--","--","--","--","--","--","--","--","--","--","--","--","--","--","--","--","--","--","--","30.1","--"
"Cecil Shorts III","WR",169,2.0,15.0,"--",0.0,65.1,37.0,472.0,12.8,"--","--","--","--","--","--","--","--","--","--","--","--","--","--","--","--","--","--","--","--","--","--","67.4","--"
"Branden Oliver","RB",170,53.0,217.0,4.1,"--","--",8.0,70.0,"--",0.0,"--","--","--","--","--","--","--","--","--","--","--","--","--","--","--","--","--","--","--","--","--","34.6","--"
"Javorius Allen","RB",171,47.0,200.0,4.3,"--","--",13.0,106.0,"--",1.0,"--","--","--","--","--","--","--","--","--","--","--","--","--","--","--","--","--","--","--","--","--","42.1","--"
"Antonio Gates","TE",172,0.0,0.0,"--",0.0,62.5,42.0,509.0,12.1,"--","--","--","--","--","--","--","--","--","--","--","--","--","--","--","--","--","--","--","--","--","--","79.7","--"
"Damien Williams","RB",173,68.0,265.0,3.9,"--","--",13.0,103.0,"--",0.0,"--","--","--","--","--","--","--","--","--","--","--","--","--","--","--","--","--","--","--","--","--","48.1","--"
"Leonard Hankerson","WR",174,0.0,0.0,"--",0.0,62.8,41.0,532.0,13.0,"--","--","--","--","--","--","--","--","--","--","--","--","--","--","--","--","--","--","--","--","--","--","71","--"
"Matthew Stafford","QB",175,27.0,14.0,"--",37.0,"--","--","--","--","--",237.0,"--",384.0,"--",4454.0,"--","--","--","--","--","--","--","--","--","--","--","--","--","--","--","--","266.7","--"
"James Starks","RB",176,67.0,293.0,4.4,"--","--",15.0,120.0,"--",1.0,"--","--","--","--","--","--","--","--","--","--","--","--","--","--","--","--","--","--","--","--","--","53.1","--"
"Terrance Williams","WR",177,0.0,0.0,"--",0.0,67.9,42.0,697.0,16.6,"--","--","--","--","--","--","--","--","--","--","--","--","--","--","--","--","--","--","--","--","--","--","105","--"
"Colin Kaepernick","QB",178,16.0,9.0,"--",97.0,"--","--","--","--","--",234.0,"--",287.0,"--",3542.0,"--","--","--","--","--","--","--","--","--","--","--","--","--","--","--","--","256.2","--"
"Donald Brown","RB",179,4.0,15.0,3.8,"--","--",2.0,18.0,"--",0.0,"--","--","--","--","--","--","--","--","--","--","--","--","--","--","--","--","--","--","--","--","--","2","--"
"Carson Palmer","QB",180,26.0,16.0,"--",23.0,"--","--","--","--","--",101.0,"--",359.0,"--",4249.0,"--","--","--","--","--","--","--","--","--","--","--","--","--","--","--","--","247.5","--"
"Chris Polk","RB",181,17.0,74.0,4.4,"--","--",1.0,12.0,"--",0.0,"--","--","--","--","--","--","--","--","--","--","--","--","--","--","--","--","--","--","--","--","--","8","--"
"Owen Daniels","TE",182,0.0,0.0,"--",0.0,74.7,50.0,557.0,11.1,"--","--","--","--","--","--","--","--","--","--","--","--","--","--","--","--","--","--","--","--","--","--","84.9","--"
"Jeff Janis","WR",183,0.0,0.0,"--",0.0,7.4,5.0,72.0,14.4,"--","--","--","--","--","--","--","--","--","--","--","--","--","--","--","--","--","--","--","--","--","--","13","--"
"Juwan Thompson","RB",184,48.0,208.0,4.3,"--","--",5.0,37.0,"--",0.0,"--","--","--","--","--","--","--","--","--","--","--","--","--","--","--","--","--","--","--","--","--","35.1","--"
"Stevie Johnson","WR",185,0.0,0.0,"--",0.0,87.6,56.0,749.0,13.4,"--","--","--","--","--","--","--","--","--","--","--","--","--","--","--","--","--","--","--","--","--","--","104","--"
"Marqise Lee","WR",186,0.0,0.0,"--",0.0,58.0,35.0,414.0,11.8,"--","--","--","--","--","--","--","--","--","--","--","--","--","--","--","--","--","--","--","--","--","--","53","--"
"Vikings D/ST","D/ST",187,"--","--","--","--","--","--","--","--","--","--","--","--","--","--",41.0,12.0,6.0,2.0,344.0,5596.0,"--","--","--","--","--","--","--","--","--","--","97","--"
"Patriots D/ST","D/ST",188,"--","--","--","--","--","--","--","--","--","--","--","--","--","--",42.0,16.0,13.0,3.0,320.0,5579.3,"--","--","--","--","--","--","--","--","--","--","126","--"
"Mason Crosby","K",189,"--","--","--","--","--","--","--","--","--","--","--","--","--","--","--","--","--","--","--","--",16.0,15.0,9.0,7.0,7.0,4.0,32.0,26.0,49.0,47.0,"134","--"
"Teddy Bridgewater","QB",190,21.0,13.0,"--",55.0,"--","--","--","--","--",169.0,"--",308.0,"--",3658.0,"--","--","--","--","--","--","--","--","--","--","--","--","--","--","--","--","241.4","--"
"Blair Walsh","K",191,"--","--","--","--","--","--","--","--","--","--","--","--","--","--","--","--","--","--","--","--",18.0,17.0,7.0,6.0,8.0,5.0,33.0,28.0,40.0,38.0,"133","--"
"Jay Cutler","QB",192,25.0,18.0,"--",44.0,"--","--","--","--","--",244.0,"--",349.0,"--",4076.0,"--","--","--","--","--","--","--","--","--","--","--","--","--","--","--","--","241.6","--"
"Boobie Dixon","RB",193,28.0,106.0,3.8,"--","--",3.0,27.0,"--",0.0,"--","--","--","--","--","--","--","--","--","--","--","--","--","--","--","--","--","--","--","--","--","18.1","--"
"Jordan Reed","TE",194,0.0,0.0,"--",0.0,89.2,60.0,624.0,10.4,"--","--","--","--","--","--","--","--","--","--","--","--","--","--","--","--","--","--","--","--","--","--","85.2","--"
"Jaelen Strong","WR",195,0.0,0.0,"--",0.0,45.4,27.0,354.0,13.1,"--","--","--","--","--","--","--","--","--","--","--","--","--","--","--","--","--","--","--","--","--","--","47","--"
"Austin Seferian-Jenkins","TE",196,0.0,0.0,"--",0.0,72.3,48.0,585.0,12.2,"--","--","--","--","--","--","--","--","--","--","--","--","--","--","--","--","--","--","--","--","--","--","81.5","--"
"Kenny Stills","WR",197,4.0,26.0,"--",0.0,64.1,42.0,612.0,14.6,"--","--","--","--","--","--","--","--","--","--","--","--","--","--","--","--","--","--","--","--","--","--","81","--"
"Bilal Powell","RB",198,55.0,225.0,4.1,"--","--",36.0,287.0,"--",1.0,"--","--","--","--","--","--","--","--","--","--","--","--","--","--","--","--","--","--","--","--","--","62.1","--"
"Doug Baldwin","WR",199,2.0,14.0,"--",0.0,86.3,61.0,814.0,13.3,"--","--","--","--","--","--","--","--","--","--","--","--","--","--","--","--","--","--","--","--","--","--","112.7","--"
"Joe Flacco","QB",200,25.0,13.0,"--",40.0,"--","--","--","--","--",249.0,"--",341.0,"--",3898.0,"--","--","--","--","--","--","--","--","--","--","--","--","--","--","--","--","238.5","--"
"Rueben Randle","WR",201,0.0,0.0,"--",0.0,102.9,64.0,921.0,14.4,"--","--","--","--","--","--","--","--","--","--","--","--","--","--","--","--","--","--","--","--","--","--","122.8","--"
"Brandon Coleman","WR",202,0.0,0.0,"--",0.0,68.9,44.0,715.0,16.3,"--","--","--","--","--","--","--","--","--","--","--","--","--","--","--","--","--","--","--","--","--","--","101","--"
"Toby Gerhart","RB",203,27.0,112.0,4.1,"--","--",17.0,131.0,"--",1.0,"--","--","--","--","--","--","--","--","--","--","--","--","--","--","--","--","--","--","--","--","--","36.1","--"
"Julius Thomas","TE",204,0.0,0.0,"--",0.0,75.3,51.0,570.0,11.2,"--","--","--","--","--","--","--","--","--","--","--","--","--","--","--","--","--","--","--","--","--","--","80.1","--"
"Chris Johnson","RB",205,67.0,286.0,4.3,"--","--",13.0,104.0,"--",0.0,"--","--","--","--","--","--","--","--","--","--","--","--","--","--","--","--","--","--","--","--","--","44.1","--"
"Dwayne Bowe","WR",206,0.0,0.0,"--",0.0,82.9,45.0,572.0,12.7,"--","--","--","--","--","--","--","--","--","--","--","--","--","--","--","--","--","--","--","--","--","--","73","--"
"Cordarrelle Patterson","WR",207,8.0,53.0,"--",0.0,28.5,17.0,208.0,12.2,"--","--","--","--","--","--","--","--","--","--","--","--","--","--","--","--","--","--","--","--","--","--","34.2","--"
"Matt Asiata","RB",208,20.0,80.0,4.0,"--","--",15.0,112.0,"--",1.0,"--","--","--","--","--","--","--","--","--","--","--","--","--","--","--","--","--","--","--","--","--","31.1","--"
"Brandon Bolden","RB",209,52.0,222.0,4.3,"--","--",7.0,56.0,"--",0.0,"--","--","--","--","--","--","--","--","--","--","--","--","--","--","--","--","--","--","--","--","--","45.1","--"
"Bryce Brown","RB",210,10.0,37.0,3.7,"--","--",2.0,13.0,"--",0.0,"--","--","--","--","--","--","--","--","--","--","--","--","--","--","--","--","--","--","--","--","--","4","--"
"David Cobb","RB",211,45.0,190.0,4.2,"--","--",2.0,15.0,"--",0.0,"--","--","--","--","--","--","--","--","--","--","--","--","--","--","--","--","--","--","--","--","--","26.1","--"
"Zac Stacy","RB",212,32.0,128.0,4.0,"--","--",3.0,22.0,"--",0.0,"--","--","--","--","--","--","--","--","--","--","--","--","--","--","--","--","--","--","--","--","--","20","--"
"Kyle Rudolph","TE",213,0.0,0.0,"--",0.0,75.0,52.0,578.0,11.1,"--","--","--","--","--","--","--","--","--","--","--","--","--","--","--","--","--","--","--","--","--","--","80.9","--"
"Jameis Winston","QB",214,21.0,19.0,"--",49.0,"--","--","--","--","--","--","--",327.0,"--",4178.0,"--","--","--","--","--","--","--","--","--","--","--","--","--","--","--","--","228.4","--"
"Heath Miller","TE",215,0.0,0.0,"--",0.0,75.1,54.0,608.0,11.3,"--","--","--","--","--","--","--","--","--","--","--","--","--","--","--","--","--","--","--","--","--","--","82.9","--"
"James White","RB",216,33.0,127.0,3.8,"--","--",5.0,36.0,"--",0.0,"--","--","--","--","--","--","--","--","--","--","--","--","--","--","--","--","--","--","--","--","--","21.1","--"
"Marquess Wilson","WR",217,0.0,0.0,"--",0.0,36.7,22.0,272.0,12.4,"--","--","--","--","--","--","--","--","--","--","--","--","--","--","--","--","--","--","--","--","--","--","39","--"
"Jay Ajayi","RB",218,6.0,23.0,3.8,"--","--",2.0,18.0,"--",0.0,"--","--","--","--","--","--","--","--","--","--","--","--","--","--","--","--","--","--","--","--","--","3","--"
"Vernon Davis","TE",219,0.0,0.0,"--",0.0,70.8,44.0,577.0,13.1,"--","--","--","--","--","--","--","--","--","--","--","--","--","--","--","--","--","--","--","--","--","--","74.4","--"
"Packers D/ST","D/ST",220,"--","--","--","--","--","--","--","--","--","--","--","--","--","--",42.0,14.0,10.0,2.0,343.0,5464.0,"--","--","--","--","--","--","--","--","--","--","108","--"
"Eagles D/ST","D/ST",221,"--","--","--","--","--","--","--","--","--","--","--","--","--","--",46.0,12.0,13.0,4.0,367.0,5979.1,"--","--","--","--","--","--","--","--","--","--","114","--"
"Phil Dawson","K",222,"--","--","--","--","--","--","--","--","--","--","--","--","--","--","--","--","--","--","--","--",18.0,17.0,9.0,7.0,3.0,2.0,30.0,26.0,42.0,42.0,"127","--"
"Chandler Catanzaro","K",223,"--","--","--","--","--","--","--","--","--","--","--","--","--","--","--","--","--","--","--","--",17.0,16.0,10.0,9.0,3.0,2.0,30.0,27.0,37.0,35.0,"126","--"
"Phillip Dorsett","WR",224,4.0,26.0,"--",0.0,62.0,40.0,484.0,12.1,"--","--","--","--","--","--","--","--","--","--","--","--","--","--","--","--","--","--","--","--","--","--","77.3","--"
"Justin Hunter","WR",225,0.0,0.0,"--",0.0,31.2,18.0,272.0,15.1,"--","--","--","--","--","--","--","--","--","--","--","--","--","--","--","--","--","--","--","--","--","--","39","--"
"Brandon LaFell","WR",226,0.0,0.0,"--",0.0,67.9,47.0,590.0,12.6,"--","--","--","--","--","--","--","--","--","--","--","--","--","--","--","--","--","--","--","--","--","--","83","--"
"Jacquizz Rodgers","RB",227,41.0,165.0,4.0,"--","--",13.0,112.0,"--",0.0,"--","--","--","--","--","--","--","--","--","--","--","--","--","--","--","--","--","--","--","--","--","33.4","--"
"Cole Beasley","WR",228,0.0,0.0,"--",0.0,75.7,48.0,577.0,12.0,"--","--","--","--","--","--","--","--","--","--","--","--","--","--","--","--","--","--","--","--","--","--","82.9","--"
"Greg Jennings","WR",229,0.0,0.0,"--",0.0,59.8,40.0,555.0,13.9,"--","--","--","--","--","--","--","--","--","--","--","--","--","--","--","--","--","--","--","--","--","--","73","--"
"Lance Dunbar","RB",230,55.0,225.0,4.1,"--","--",36.0,318.0,"--",2.0,"--","--","--","--","--","--","--","--","--","--","--","--","--","--","--","--","--","--","--","--","--","72.9","--"
"Bobby Rainey","RB",231,33.0,131.0,4.0,"--","--",8.0,69.0,"--",0.0,"--","--","--","--","--","--","--","--","--","--","--","--","--","--","--","--","--","--","--","--","--","25.4","--"
"Tyler Lockett","WR",232,2.0,15.0,"--",0.0,54.6,35.0,503.0,14.4,"--","--","--","--","--","--","--","--","--","--","--","--","--","--","--","--","--","--","--","--","--","--","73","--"
"Kenny Britt","WR",233,0.0,0.0,"--",0.0,74.1,43.0,645.0,15.0,"--","--","--","--","--","--","--","--","--","--","--","--","--","--","--","--","--","--","--","--","--","--","88","--"
"Allen Hurns","WR",234,4.0,24.0,"--",0.0,79.7,48.0,644.0,13.4,"--","--","--","--","--","--","--","--","--","--","--","--","--","--","--","--","--","--","--","--","--","--","84","--"
"Montee Ball","RB",235,0.0,0.0,0.0,"--","--",0.0,0.0,"--",0.0,"--","--","--","--","--","--","--","--","--","--","--","--","--","--","--","--","--","--","--","--","--","0","--"
"Danny Amendola","WR",236,0.0,0.0,"--",0.0,75.0,54.0,542.0,10.0,"--","--","--","--","--","--","--","--","--","--","--","--","--","--","--","--","--","--","--","--","--","--","78","--"
"Brian Hartline","WR",237,0.0,0.0,"--",0.0,78.3,43.0,584.0,13.6,"--","--","--","--","--","--","--","--","--","--","--","--","--","--","--","--","--","--","--","--","--","--","76","--"
"Corey Brown","WR",238,9.0,61.0,"--",0.0,60.9,35.0,523.0,14.9,"--","--","--","--","--","--","--","--","--","--","--","--","--","--","--","--","--","--","--","--","--","--","76","--"
"Josh Huff","WR",239,0.0,0.0,"--",0.0,20.4,13.0,153.0,11.8,"--","--","--","--","--","--","--","--","--","--","--","--","--","--","--","--","--","--","--","--","--","--","24.2","--"
"Bernard Pierce","RB",240,0.0,0.0,0.0,"--","--",0.0,0.0,"--",0.0,"--","--","--","--","--","--","--","--","--","--","--","--","--","--","--","--","--","--","--","--","--","0","--"
"Mike Tolbert","RB",241,44.0,169.0,3.8,"--","--",23.0,164.0,"--",1.0,"--","--","--","--","--","--","--","--","--","--","--","--","--","--","--","--","--","--","--","--","--","50.2","--"
"Josh Hill","TE",242,0.0,0.0,"--",0.0,50.8,34.0,358.0,10.5,"--","--","--","--","--","--","--","--","--","--","--","--","--","--","--","--","--","--","--","--","--","--","58.7","--"
"Alex Smith","QB",243,21.0,9.0,"--",54.0,"--","--","--","--","--",205.0,"--",328.0,"--",3523.0,"--","--","--","--","--","--","--","--","--","--","--","--","--","--","--","--","238.3","--"
"Travaris Cadet","RB",244,22.0,85.0,3.9,"--","--",2.0,18.0,"--",0.0,"--","--","--","--","--","--","--","--","--","--","--","--","--","--","--","--","--","--","--","--","--","15","--"
"Jonathan Grimes","RB",245,48.0,186.0,3.9,"--","--",8.0,68.0,"--",0.0,"--","--","--","--","--","--","--","--","--","--","--","--","--","--","--","--","--","--","--","--","--","30","--"
"Andrew Hawkins","WR",246,5.0,31.0,"--",0.0,79.4,49.0,508.0,10.4,"--","--","--","--","--","--","--","--","--","--","--","--","--","--","--","--","--","--","--","--","--","--","65","--"
"Marcus Mariota","QB",247,18.0,14.0,"--",80.0,"--","--","--","--","--","--","--",289.0,"--",3283.0,"--","--","--","--","--","--","--","--","--","--","--","--","--","--","--","--","228.3","--"
"Benjamin Cunningham","RB",248,46.0,194.0,4.2,"--","--",38.0,312.0,"--",1.0,"--","--","--","--","--","--","--","--","--","--","--","--","--","--","--","--","--","--","--","--","--","61.5","--"
"Marcel Reece","RB",249,11.0,36.0,3.3,"--","--",15.0,148.0,"--",1.0,"--","--","--","--","--","--","--","--","--","--","--","--","--","--","--","--","--","--","--","--","--","23.1","--"
"Tyler Eifert","TE",250,0.0,0.0,"--",0.0,74.5,53.0,615.0,11.6,"--","--","--","--","--","--","--","--","--","--","--","--","--","--","--","--","--","--","--","--","--","--","84.7","--"
"Mike Davis","RB",251,13.0,49.0,3.8,"--","--",2.0,15.0,"--",0.0,"--","--","--","--","--","--","--","--","--","--","--","--","--","--","--","--","--","--","--","--","--","5","--"
"Andy Dalton","QB",252,23.0,19.0,"--",53.0,"--","--","--","--","--",210.0,"--",336.0,"--",3791.0,"--","--","--","--","--","--","--","--","--","--","--","--","--","--","--","--","231.4","--"
"Ty Montgomery","WR",253,6.0,40.0,"--",0.0,41.2,27.0,366.0,13.6,"--","--","--","--","--","--","--","--","--","--","--","--","--","--","--","--","--","--","--","--","--","--","61.6","--"
"Panthers D/ST","D/ST",254,"--","--","--","--","--","--","--","--","--","--","--","--","--","--",42.0,15.0,12.0,3.0,376.0,5729.3,"--","--","--","--","--","--","--","--","--","--","104","--"
"Browns D/ST","D/ST",255,"--","--","--","--","--","--","--","--","--","--","--","--","--","--",36.0,14.0,8.0,4.0,334.0,6004.2,"--","--","--","--","--","--","--","--","--","--","96","--"
"Nick Folk","K",256,"--","--","--","--","--","--","--","--","--","--","--","--","--","--","--","--","--","--","--","--",17.0,16.0,11.0,9.0,4.0,3.0,32.0,28.0,34.0,32.0,"127","--"
"Josh Brown","K",257,"--","--","--","--","--","--","--","--","--","--","--","--","--","--","--","--","--","--","--","--",19.0,18.0,7.0,6.0,3.0,2.0,29.0,26.0,41.0,40.0,"125","--"
"Ka'Deem Carey","RB",258,9.0,35.0,3.9,"--","--",2.0,17.0,"--",0.0,"--","--","--","--","--","--","--","--","--","--","--","--","--","--","--","--","--","--","--","--","--","4","--"
"Jonas Gray","RB",259,0.0,0.0,0.0,"--","--",0.0,0.0,"--",0.0,"--","--","--","--","--","--","--","--","--","--","--","--","--","--","--","--","--","--","--","--","--","0","--"
"Derek Carr","QB",260,19.0,14.0,"--",33.0,"--","--","--","--","--",178.0,"--",360.0,"--",4133.0,"--","--","--","--","--","--","--","--","--","--","--","--","--","--","--","--","220.2","--"
"Dexter McCluster","RB",261,45.0,362.0,9.1,"--",49.9,40.0,184.0,"--",1.0,"--","--","--","--","--","--","--","--","--","--","--","--","--","--","--","--","--","--","--","--","--","69.3","--"
"Jeremy Kerley","WR",262,2.0,16.0,"--",0.0,21.6,14.0,168.0,12.0,"--","--","--","--","--","--","--","--","--","--","--","--","--","--","--","--","--","--","--","--","--","--","25.5","--"
"Zach Zenner","RB",263,15.0,62.0,4.1,"--","--",0.0,0.0,"--",0.0,"--","--","--","--","--","--","--","--","--","--","--","--","--","--","--","--","--","--","--","--","--","6","--"
"Daniel Herron","RB",264,0.0,0.0,0.0,"--","--",0.0,0.0,"--",0.0,"--","--","--","--","--","--","--","--","--","--","--","--","--","--","--","--","--","--","--","--","--","0","--"
"Jermaine Kearse","WR",265,0.0,0.0,"--",0.0,58.7,38.0,560.0,14.7,"--","--","--","--","--","--","--","--","--","--","--","--","--","--","--","--","--","--","--","--","--","--","80","--"
"Stevan Ridley","RB",266,46.0,190.0,4.1,"--","--",1.0,10.0,"--",0.0,"--","--","--","--","--","--","--","--","--","--","--","--","--","--","--","--","--","--","--","--","--","26.1","--"
"Mohamed Sanu","WR",267,9.0,62.0,"--",0.0,46.6,28.0,308.0,11.0,"--","--","--","--","--","--","--","--","--","--","--","--","--","--","--","--","--","--","--","--","--","--","48","--"
"Pierre Thomas","RB",268,0.0,0.0,0.0,"--","--",0.0,0.0,"--",0.0,"--","--","--","--","--","--","--","--","--","--","--","--","--","--","--","--","--","--","--","--","--","0","--"
"Sammie Coates","WR",269,0.0,0.0,"--",0.0,20.8,12.0,175.0,14.6,"--","--","--","--","--","--","--","--","--","--","--","--","--","--","--","--","--","--","--","--","--","--","23","--"
"Aaron Dobson","WR",270,0.0,0.0,"--",0.0,31.4,21.0,282.0,13.4,"--","--","--","--","--","--","--","--","--","--","--","--","--","--","--","--","--","--","--","--","--","--","40","--"
"De'Anthony Thomas","WR",271,15.0,213.0,"--",2.0,"--",28.0,92.0,6.1,"--","--","--","--","--","--","--","--","--","--","--","--","--","--","--","--","--","--","--","--","--","--","46.4","--"
"Charles Clay","TE",272,0.0,0.0,"--",0.0,76.6,49.0,531.0,10.8,"--","--","--","--","--","--","--","--","--","--","--","--","--","--","--","--","--","--","--","--","--","--","76.9","--"
"Coby Fleener","TE",273,0.0,0.0,"--",0.0,62.7,39.0,471.0,12.1,"--","--","--","--","--","--","--","--","--","--","--","--","--","--","--","--","--","--","--","--","--","--","77","--"
"James Jones","WR",274,0.0,0.0,"--",0.0,54.4,36.0,533.0,14.8,"--","--","--","--","--","--","--","--","--","--","--","--","--","--","--","--","--","--","--","--","--","--","77","--"
"Kevin White","WR",275,0.0,0.0,"--",0.0,38.5,22.0,308.0,14.0,"--","--","--","--","--","--","--","--","--","--","--","--","--","--","--","--","--","--","--","--","--","--","42","--"
"Fozzy Whittaker","RB",276,17.0,64.0,3.8,"--","--",4.0,31.0,"--",0.0,"--","--","--","--","--","--","--","--","--","--","--","--","--","--","--","--","--","--","--","--","--","9.4","--"
"Eric Ebron","TE",277,0.0,0.0,"--",0.0,78.5,49.0,550.0,11.2,"--","--","--","--","--","--","--","--","--","--","--","--","--","--","--","--","--","--","--","--","--","--","78.5","--"
"Richard Rodgers","TE",278,0.0,0.0,"--",0.0,60.0,41.0,468.0,11.4,"--","--","--","--","--","--","--","--","--","--","--","--","--","--","--","--","--","--","--","--","--","--","75.7","--"
"Devin Smith","WR",279,1.0,10.0,"--",0.0,53.7,31.0,446.0,14.4,"--","--","--","--","--","--","--","--","--","--","--","--","--","--","--","--","--","--","--","--","--","--","57","--"
"Jarius Wright","WR",280,4.0,25.0,"--",0.0,44.6,27.0,358.0,13.3,"--","--","--","--","--","--","--","--","--","--","--","--","--","--","--","--","--","--","--","--","--","--","49.7","--"
"Jordan Todman","RB",281,5.0,19.0,3.8,"--","--",1.0,9.0,"--",0.0,"--","--","--","--","--","--","--","--","--","--","--","--","--","--","--","--","--","--","--","--","--","1","--"
"Marlon Brown","WR",282,0.0,0.0,"--",0.0,34.6,22.0,280.0,12.7,"--","--","--","--","--","--","--","--","--","--","--","--","--","--","--","--","--","--","--","--","--","--","40","--"
"Chris Thompson","RB",283,13.0,51.0,3.9,"--","--",9.0,74.0,"--",0.0,"--","--","--","--","--","--","--","--","--","--","--","--","--","--","--","--","--","--","--","--","--","12","--"
"49ers D/ST","D/ST",284,"--","--","--","--","--","--","--","--","--","--","--","--","--","--",34.0,15.0,8.0,3.0,336.0,5275.6,"--","--","--","--","--","--","--","--","--","--","100","--"
"Chiefs D/ST","D/ST",285,"--","--","--","--","--","--","--","--","--","--","--","--","--","--",38.0,6.0,6.0,2.0,288.0,5322.5,"--","--","--","--","--","--","--","--","--","--","80","--"
"Josh Scobee","K",286,"--","--","--","--","--","--","--","--","--","--","--","--","--","--","--","--","--","--","--","--",20.0,19.0,10.0,8.0,2.0,1.0,32.0,28.0,33.0,33.0,"123","--"
"Josh Lambo","K",287,"--","--","--","--","--","--","--","--","--","--","--","--","--","--","--","--","--","--","--","--","--","--","--","--","--","--","--","--","--","--","--","--"
"Stepfan Taylor","RB",288,20.0,76.0,3.8,"--","--",2.0,17.0,"--",0.0,"--","--","--","--","--","--","--","--","--","--","--","--","--","--","--","--","--","--","--","--","--","14","--"
"Dri Archer","RB",289,20.0,76.0,3.8,"--","--",21.0,176.0,"--",1.0,"--","--","--","--","--","--","--","--","--","--","--","--","--","--","--","--","--","--","--","--","--","30.4","--"
"Will Johnson","RB",290,2.0,7.0,3.5,"--","--",6.0,55.0,"--",0.0,"--","--","--","--","--","--","--","--","--","--","--","--","--","--","--","--","--","--","--","--","--","5","--"
"Ladarius Green","TE",291,0.0,0.0,"--",0.0,48.8,33.0,413.0,12.5,"--","--","--","--","--","--","--","--","--","--","--","--","--","--","--","--","--","--","--","--","--","--","58.8","--"
"Ryan Fitzpatrick","QB",292,14.0,11.0,"--",38.0,"--","--","--","--","--",171.0,"--",210.0,"--",2408.0,"--","--","--","--","--","--","--","--","--","--","--","--","--","--","--","--","145.9","--"
"Tavon Austin","WR",293,22.0,166.0,"--",0.0,53.0,33.0,347.0,10.5,"--","--","--","--","--","--","--","--","--","--","--","--","--","--","--","--","--","--","--","--","--","--","67.3","--"
"Jarryd Hayne","RB",294,10.0,40.0,4.0,"--","--",2.0,15.0,"--",0.0,"--","--","--","--","--","--","--","--","--","--","--","--","--","--","--","--","--","--","--","--","--","5","--"
"Riley Cooper","WR",295,0.0,0.0,"--",0.0,37.1,22.0,318.0,14.5,"--","--","--","--","--","--","--","--","--","--","--","--","--","--","--","--","--","--","--","--","--","--","43","--"
"Brandon Wegher","RB",296,"--","--","--","--","--","--","--","--","--","--","--","--","--","--","--","--","--","--","--","--","--","--","--","--","--","--","--","--","--","--","--","--"
"Maxx Williams","TE",297,0.0,0.0,"--",0.0,51.9,35.0,411.0,11.7,"--","--","--","--","--","--","--","--","--","--","--","--","--","--","--","--","--","--","--","--","--","--","58.7","--"
"Robert Woods","WR",298,0.0,0.0,"--",0.0,66.9,37.0,486.0,13.1,"--","--","--","--","--","--","--","--","--","--","--","--","--","--","--","--","--","--","--","--","--","--","67","--"
"Alonzo Harris","RB",299,"--","--","--","--","--","--","--","--","--","--","--","--","--","--","--","--","--","--","--","--","--","--","--","--","--","--","--","--","--","--","--","--"
"Thomas Rawls","RB",300,30.0,130.0,4.3,"--","--",2.0,14.0,"--",0.0,"--","--","--","--","--","--","--","--","--","--","--","--","--","--","--","--","--","--","--","--","--","20","--"
"Kirk Cousins","QB",301,13.0,12.0,"--",13.0,"--","--","--","--","--",86.0,"--",228.0,"--",2641.0,"--","--","--","--","--","--","--","--","--","--","--","--","--","--","--","--","134.8","--"
"Nick Foles","QB",302,19.0,12.0,"--",35.0,"--","--","--","--","--",113.0,"--",319.0,"--",3668.0,"--","--","--","--","--","--","--","--","--","--","--","--","--","--","--","--","212.2","--"
"Mychal Rivera","TE",303,0.0,0.0,"--",0.0,53.8,36.0,410.0,11.4,"--","--","--","--","--","--","--","--","--","--","--","--","--","--","--","--","--","--","--","--","--","--","52.2","--"
"Jacob Tamme","TE",304,0.0,0.0,"--",0.0,66.5,45.0,488.0,10.8,"--","--","--","--","--","--","--","--","--","--","--","--","--","--","--","--","--","--","--","--","--","--","65.7","--"
"Jared Cook","TE",305,0.0,0.0,"--",0.0,74.1,47.0,556.0,11.8,"--","--","--","--","--","--","--","--","--","--","--","--","--","--","--","--","--","--","--","--","--","--","72.8","--"
"Garrett Graham","TE",306,0.0,0.0,"--",0.0,39.9,26.0,287.0,11.0,"--","--","--","--","--","--","--","--","--","--","--","--","--","--","--","--","--","--","--","--","--","--","39.7","--"
"Blake Bortles","QB",307,18.0,15.0,"--",59.0,"--","--","--","--","--",155.0,"--",313.0,"--",3537.0,"--","--","--","--","--","--","--","--","--","--","--","--","--","--","--","--","215.2","--"
"Scott Chandler","TE",308,0.0,0.0,"--",0.0,25.8,18.0,207.0,11.5,"--","--","--","--","--","--","--","--","--","--","--","--","--","--","--","--","--","--","--","--","--","--","31.9","--"
"Josh McCown","QB",309,13.0,14.0,"--",42.0,"--","--","--","--","--",118.0,"--",266.0,"--",2999.0,"--","--","--","--","--","--","--","--","--","--","--","--","--","--","--","--","162.1","--"
"Clive Walford","TE",310,0.0,0.0,"--",0.0,38.8,26.0,300.0,11.5,"--","--","--","--","--","--","--","--","--","--","--","--","--","--","--","--","--","--","--","--","--","--","41.7","--"
"Albert Wilson","WR",311,0.0,0.0,"--",0.0,44.1,28.0,323.0,11.5,"--","--","--","--","--","--","--","--","--","--","--","--","--","--","--","--","--","--","--","--","--","--","44","--"
"Brian Hoyer","QB",312,12.0,10.0,"--",23.0,"--","--","--","--","--",149.0,"--",202.0,"--",2456.0,"--","--","--","--","--","--","--","--","--","--","--","--","--","--","--","--","131.7","--"
"Tyrod Taylor","QB",313,16.0,15.0,"--",69.0,"--","--","--","--","--",0.0,"--",240.0,"--",2686.0,"--","--","--","--","--","--","--","--","--","--","--","--","--","--","--","--","184.1","--"
"Justin Hardy","WR",314,0.0,0.0,"--",0.0,32.5,22.0,263.0,12.0,"--","--","--","--","--","--","--","--","--","--","--","--","--","--","--","--","--","--","--","--","--","--","32","--"
"Virgil Green","TE",315,0.0,0.0,"--",0.0,29.6,21.0,194.0,9.2,"--","--","--","--","--","--","--","--","--","--","--","--","--","--","--","--","--","--","--","--","--","--","30.8","--"
"Rod Streater","WR",316,0.0,0.0,"--",0.0,49.9,30.0,406.0,13.5,"--","--","--","--","--","--","--","--","--","--","--","--","--","--","--","--","--","--","--","--","--","--","52","--"
"Andrew Franks","K",317,"--","--","--","--","--","--","--","--","--","--","--","--","--","--","--","--","--","--","--","--","--","--","--","--","--","--","--","--","--","--","--","--"
"Shaun Draughn","RB",318,0.0,0.0,0.0,"--","--",0.0,0.0,"--",0.0,"--","--","--","--","--","--","--","--","--","--","--","--","--","--","--","--","--","--","--","--","--","0","--"
"Crockett Gillmore","TE",319,0.0,0.0,"--",0.0,35.9,25.0,286.0,11.4,"--","--","--","--","--","--","--","--","--","--","--","--","--","--","--","--","--","--","--","--","--","--","45.8","--"
"Travis Benjamin","WR",320,2.0,15.0,"--",0.0,4.4,2.0,33.0,16.5,"--","--","--","--","--","--","--","--","--","--","--","--","--","--","--","--","--","--","--","--","--","--","8.9","--"
"Stedman Bailey","WR",321,0.0,0.0,"--",0.0,30.1,19.0,244.0,12.8,"--","--","--","--","--","--","--","--","--","--","--","--","--","--","--","--","--","--","--","--","--","--","30","--"
"Benjamin Watson","TE",322,0.0,0.0,"--",0.0,63.1,41.0,462.0,11.3,"--","--","--","--","--","--","--","--","--","--","--","--","--","--","--","--","--","--","--","--","--","--","69.7","--"
"Terron Ward","RB",323,13.0,52.0,4.0,"--","--",5.0,39.0,"--",0.0,"--","--","--","--","--","--","--","--","--","--","--","--","--","--","--","--","--","--","--","--","--","14","--"
"Corey Grant","RB",324,"--","--","--","--","--","--","--","--","--","--","--","--","--","--","--","--","--","--","--","--","--","--","--","--","--","--","--","--","--","--","--","--"
"Andre Holmes","WR",325,0.0,0.0,"--",0.0,37.3,22.0,319.0,14.5,"--","--","--","--","--","--","--","--","--","--","--","--","--","--","--","--","--","--","--","--","--","--","43","--"
"Zach Hocker","K",326,"--","--","--","--","--","--","--","--","--","--","--","--","--","--","--","--","--","--","--","--",17.0,16.0,7.0,6.0,3.0,2.0,27.0,24.0,45.0,44.0,"123","--"
"Vick Ballard","RB",327,31.0,129.0,4.2,"--","--",14.0,117.0,"--",1.0,"--","--","--","--","--","--","--","--","--","--","--","--","--","--","--","--","--","--","--","--","--","35.1","--"
"Preston Parker","WR",328,0.0,0.0,"--",0.0,23.4,15.0,175.0,11.7,"--","--","--","--","--","--","--","--","--","--","--","--","--","--","--","--","--","--","--","--","--","--","23.3","--"
"Antone Smith","RB",329,0.0,0.0,0.0,"--","--",0.0,0.0,"--",0.0,"--","--","--","--","--","--","--","--","--","--","--","--","--","--","--","--","--","--","--","--","--","0","--"
"Ahmad Bradshaw","RB",330,0.0,0.0,0.0,"--","--",0.0,0.0,"--",0.0,"--","--","--","--","--","--","--","--","--","--","--","--","--","--","--","--","--","--","--","--","--","0","--"
"Taylor Gabriel","WR",331,2.0,15.0,"--",0.0,45.3,25.0,350.0,14.0,"--","--","--","--","--","--","--","--","--","--","--","--","--","--","--","--","--","--","--","--","--","--","48","--"
"Greg Zuerlein","K",332,"--","--","--","--","--","--","--","--","--","--","--","--","--","--","--","--","--","--","--","--",19.0,17.0,8.0,7.0,8.0,5.0,35.0,29.0,32.0,31.0,"129","--"
"Ted Ginn Jr.","WR",333,4.0,29.0,"--",0.0,43.8,25.0,354.0,14.2,"--","--","--","--","--","--","--","--","--","--","--","--","--","--","--","--","--","--","--","--","--","--","52.5","--"
"Bengals D/ST","D/ST",334,"--","--","--","--","--","--","--","--","--","--","--","--","--","--",36.0,14.0,7.0,3.0,343.0,5548.8,"--","--","--","--","--","--","--","--","--","--","102","--"
"Louis Murphy","WR",335,0.0,0.0,"--",0.0,53.2,29.0,423.0,14.6,"--","--","--","--","--","--","--","--","--","--","--","--","--","--","--","--","--","--","--","--","--","--","60","--"
"Brent Celek","TE",336,0.0,0.0,"--",0.0,36.6,24.0,270.0,11.3,"--","--","--","--","--","--","--","--","--","--","--","--","--","--","--","--","--","--","--","--","--","--","44.8","--"
"Andrew Quarless","TE",337,0.0,0.0,"--",0.0,25.5,17.0,189.0,11.1,"--","--","--","--","--","--","--","--","--","--","--","--","--","--","--","--","--","--","--","--","--","--","29.9","--"
"Trent Richardson","RB",338,0.0,0.0,0.0,"--","--",0.0,0.0,"--",0.0,"--","--","--","--","--","--","--","--","--","--","--","--","--","--","--","--","--","--","--","--","--","0","--"
"Chris Conley","WR",339,0.0,0.0,"--",0.0,50.2,32.0,385.0,12.0,"--","--","--","--","--","--","--","--","--","--","--","--","--","--","--","--","--","--","--","--","--","--","50","--"
"Chris Matthews","WR",340,0.0,0.0,"--",0.0,22.3,13.0,195.0,15.0,"--","--","--","--","--","--","--","--","--","--","--","--","--","--","--","--","--","--","--","--","--","--","31","--"
"Andre Roberts","WR",341,2.0,12.0,"--",0.0,66.3,40.0,492.0,12.3,"--","--","--","--","--","--","--","--","--","--","--","--","--","--","--","--","--","--","--","--","--","--","70.3","--"
"Robbie Gould","K",342,"--","--","--","--","--","--","--","--","--","--","--","--","--","--","--","--","--","--","--","--",19.0,17.0,10.0,8.0,3.0,2.0,32.0,27.0,37.0,35.0,"123","--"
"Colts D/ST","D/ST",343,"--","--","--","--","--","--","--","--","--","--","--","--","--","--",43.0,12.0,13.0,1.0,355.0,5441.6,"--","--","--","--","--","--","--","--","--","--","101","--"
"Mark Sanchez","QB",344,1.0,1.0,"--",3.0,"--","--","--","--","--",132.0,"--",10.0,"--",114.0,"--","--","--","--","--","--","--","--","--","--","--","--","--","--","--","--","6","--"
"Buccaneers D/ST","D/ST",345,"--","--","--","--","--","--","--","--","--","--","--","--","--","--",37.0,16.0,13.0,3.0,401.0,5825.2,"--","--","--","--","--","--","--","--","--","--","105","--"
"Robert Griffin","QB",346,7.0,4.0,"--",25.0,"--","--","--","--","--",81.0,"--",107.0,"--",1256.0,"--","--","--","--","--","--","--","--","--","--","--","--","--","--","--","--","85.5","--"
"Gavin Escobar","TE",347,0.0,0.0,"--",0.0,25.3,17.0,206.0,12.1,"--","--","--","--","--","--","--","--","--","--","--","--","--","--","--","--","--","--","--","--","--","--","37.9","--"
"Miles Austin","WR",348,0.0,0.0,"--",0.0,10.2,6.0,81.0,13.5,"--","--","--","--","--","--","--","--","--","--","--","--","--","--","--","--","--","--","--","--","--","--","14","--"
"Cairo Santos","K",349,"--","--","--","--","--","--","--","--","--","--","--","--","--","--","--","--","--","--","--","--",18.0,17.0,10.0,8.0,3.0,2.0,31.0,27.0,35.0,33.0,"122","--"
"Graham Gano","K",350,"--","--","--","--","--","--","--","--","--","--","--","--","--","--","--","--","--","--","--","--",17.0,16.0,9.0,7.0,4.0,3.0,30.0,26.0,36.0,35.0,"122","--"
"Rob Housler","TE",351,0.0,0.0,"--",0.0,40.9,26.0,305.0,11.7,"--","--","--","--","--","--","--","--","--","--","--","--","--","--","--","--","--","--","--","--","--","--","41.6","--"
"Harry Douglas","WR",352,0.0,0.0,"--",0.0,67.1,42.0,513.0,12.2,"--","--","--","--","--","--","--","--","--","--","--","--","--","--","--","--","--","--","--","--","--","--","69","--"
"Johnny Manziel","QB",353,1.0,1.0,"--",7.0,"--","--","--","--","--",10.0,"--",17.0,"--",186.0,"--","--","--","--","--","--","--","--","--","--","--","--","--","--","--","--","11.1","--"
"Quinton Patton","WR",354,2.0,14.0,"--",0.0,32.2,20.0,273.0,13.7,"--","--","--","--","--","--","--","--","--","--","--","--","--","--","--","--","--","--","--","--","--","--","34","--"
"Kamar Aiken","WR",355,0.0,0.0,"--",0.0,65.2,42.0,553.0,13.2,"--","--","--","--","--","--","--","--","--","--","--","--","--","--","--","--","--","--","--","--","--","--","79","--"
"Ryan Grant","WR",356,0.0,0.0,"--",0.0,5.5,3.0,45.0,15.0,"--","--","--","--","--","--","--","--","--","--","--","--","--","--","--","--","--","--","--","--","--","--","4","--"
"Marcedes Lewis","TE",357,0.0,0.0,"--",0.0,34.7,22.0,249.0,11.3,"--","--","--","--","--","--","--","--","--","--","--","--","--","--","--","--","--","--","--","--","--","--","35.8","--"
"Giants D/ST","D/ST",358,"--","--","--","--","--","--","--","--","--","--","--","--","--","--",51.0,18.0,9.0,2.0,415.0,6001.6,"--","--","--","--","--","--","--","--","--","--","101","--"
"Ryan Mallett","QB",359,7.0,6.0,"--",11.0,"--","--","--","--","--",19.0,"--",121.0,"--",1461.0,"--","--","--","--","--","--","--","--","--","--","--","--","--","--","--","--","75.4","--"
"Geno Smith","QB",360,8.0,7.0,"--",21.0,"--","--","--","--","--",139.0,"--",121.0,"--",1465.0,"--","--","--","--","--","--","--","--","--","--","--","--","--","--","--","--","88.5","--"
"Dion Sims","TE",361,0.0,0.0,"--",0.0,33.5,22.0,243.0,11.0,"--","--","--","--","--","--","--","--","--","--","--","--","--","--","--","--","--","--","--","--","--","--","35.8","--"
"Paul Richardson","WR",362,0.0,0.0,"--",0.0,6.3,4.0,56.0,14.0,"--","--","--","--","--","--","--","--","--","--","--","--","--","--","--","--","--","--","--","--","--","--","5","--"
"Jeff Cumberland","TE",363,0.0,0.0,"--",0.0,55.4,37.0,442.0,11.9,"--","--","--","--","--","--","--","--","--","--","--","--","--","--","--","--","--","--","--","--","--","--","61.8","--"
"Jermaine Gresham","TE",364,0.0,0.0,"--",0.0,28.0,21.0,214.0,10.2,"--","--","--","--","--","--","--","--","--","--","--","--","--","--","--","--","--","--","--","--","--","--","32.5","--"
"Dontrelle Inman","WR",365,0.0,0.0,"--",0.0,10.7,7.0,97.0,13.9,"--","--","--","--","--","--","--","--","--","--","--","--","--","--","--","--","--","--","--","--","--","--","15","--"
"Timothy Wright","TE",366,0.0,0.0,"--",0.0,16.3,11.0,122.0,11.1,"--","--","--","--","--","--","--","--","--","--","--","--","--","--","--","--","--","--","--","--","--","--","18","--"
"Luke Willson","TE",367,0.0,0.0,"--",0.0,16.2,11.0,122.0,11.1,"--","--","--","--","--","--","--","--","--","--","--","--","--","--","--","--","--","--","--","--","--","--","18","--"
"Nate Washington","WR",368,0.0,0.0,"--",0.0,75.0,44.0,671.0,15.3,"--","--","--","--","--","--","--","--","--","--","--","--","--","--","--","--","--","--","--","--","--","--","85","--"
"Jerricho Cotchery","WR",369,0.0,0.0,"--",0.0,51.5,32.0,412.0,12.9,"--","--","--","--","--","--","--","--","--","--","--","--","--","--","--","--","--","--","--","--","--","--","53","--"
"Falcons D/ST","D/ST",370,"--","--","--","--","--","--","--","--","--","--","--","--","--","--",31.0,17.0,9.0,2.0,406.0,6108.6,"--","--","--","--","--","--","--","--","--","--","81","--"
"Mike Nugent","K",371,"--","--","--","--","--","--","--","--","--","--","--","--","--","--","--","--","--","--","--","--",15.0,14.0,11.0,9.0,4.0,2.0,30.0,25.0,39.0,37.0,"120","--"
"Randy Bullock","K",372,"--","--","--","--","--","--","--","--","--","--","--","--","--","--","--","--","--","--","--","--",17.0,16.0,11.0,9.0,6.0,3.0,34.0,28.0,28.0,27.0,"120","--"
"Gary Barnidge","TE",373,0.0,0.0,"--",0.0,18.4,12.0,147.0,12.3,"--","--","--","--","--","--","--","--","--","--","--","--","--","--","--","--","--","--","--","--","--","--","19.9","--"
"Stefon Diggs","WR",374,0.0,0.0,"--",0.0,9.5,6.0,78.0,13.0,"--","--","--","--","--","--","--","--","--","--","--","--","--","--","--","--","--","--","--","--","--","--","7","--"
"Vance McDonald","TE",375,0.0,0.0,"--",0.0,9.7,7.0,74.0,10.6,"--","--","--","--","--","--","--","--","--","--","--","--","--","--","--","--","--","--","--","--","--","--","6.9","--"
"C.J. Fiedorowicz","TE",376,0.0,0.0,"--",0.0,19.8,13.0,152.0,11.7,"--","--","--","--","--","--","--","--","--","--","--","--","--","--","--","--","--","--","--","--","--","--","20.9","--"
"Lance Kendricks","TE",377,0.0,0.0,"--",0.0,41.7,28.0,304.0,10.9,"--","--","--","--","--","--","--","--","--","--","--","--","--","--","--","--","--","--","--","--","--","--","41.8","--"
"Cowboys D/ST","D/ST",378,"--","--","--","--","--","--","--","--","--","--","--","--","--","--",32.0,13.0,11.0,2.0,390.0,5659.2,"--","--","--","--","--","--","--","--","--","--","82","--"
"EJ Manuel","QB",379,2.0,2.0,"--",7.0,"--","--","--","--","--",55.0,"--",34.0,"--",385.0,"--","--","--","--","--","--","--","--","--","--","--","--","--","--","--","--","21.1","--"
"James Casey","TE",380,0.0,0.0,"--",0.0,17.8,12.0,144.0,12.0,"--","--","--","--","--","--","--","--","--","--","--","--","--","--","--","--","--","--","--","--","--","--","20","--"
"Jimmy Garoppolo","QB",381,0.0,0.0,"--",0.0,"--","--","--","--","--",10.0,"--",2.0,"--",19.0,"--","--","--","--","--","--","--","--","--","--","--","--","--","--","--","--","0","--"
"Rashad Greene","WR",382,0.0,0.0,"--",0.0,29.9,18.0,225.0,12.5,"--","--","--","--","--","--","--","--","--","--","--","--","--","--","--","--","--","--","--","--","--","--","31.4","--"
"Kai Forbath","K",383,"--","--","--","--","--","--","--","--","--","--","--","--","--","--","--","--","--","--","--","--",16.0,15.0,11.0,9.0,2.0,1.0,29.0,25.0,35.0,34.0,"116","--"
"Steelers D/ST","D/ST",384,"--","--","--","--","--","--","--","--","--","--","--","--","--","--",32.0,11.0,7.0,3.0,372.0,5724.2,"--","--","--","--","--","--","--","--","--","--","78","--"
"Anthony Fasano","TE",385,0.0,0.0,"--",0.0,10.0,7.0,77.0,11.0,"--","--","--","--","--","--","--","--","--","--","--","--","--","--","--","--","--","--","--","--","--","--","13","--"
"Ryan Succop","K",386,"--","--","--","--","--","--","--","--","--","--","--","--","--","--","--","--","--","--","--","--",19.0,17.0,9.0,7.0,3.0,2.0,31.0,26.0,34.0,32.0,"116","--"
"Brandon Weeden","QB",387,1.0,0.0,"--",0.0,"--","--","--","--","--",18.0,"--",9.0,"--",112.0,"--","--","--","--","--","--","--","--","--","--","--","--","--","--","--","--","8","--"
"Jaguars D/ST","D/ST",388,"--","--","--","--","--","--","--","--","--","--","--","--","--","--",43.0,6.0,12.0,2.0,414.0,5920.1,"--","--","--","--","--","--","--","--","--","--","79","--"
"Sebastian Janikowski","K",389,"--","--","--","--","--","--","--","--","--","--","--","--","--","--","--","--","--","--","--","--",15.0,14.0,10.0,8.0,8.0,5.0,33.0,27.0,27.0,27.0,"120","--"
"Darren Fells","TE",390,0.0,0.0,"--",0.0,26.9,19.0,222.0,11.7,"--","--","--","--","--","--","--","--","--","--","--","--","--","--","--","--","--","--","--","--","--","--","33.8","--"
"Brock Osweiler","QB",391,0.0,0.0,"--",2.0,"--","--","--","--","--",5.0,"--",2.0,"--",20.0,"--","--","--","--","--","--","--","--","--","--","--","--","--","--","--","--","0","--"
"Jamison Crowder","WR",392,0.0,0.0,"--",0.0,38.7,24.0,287.0,12.0,"--","--","--","--","--","--","--","--","--","--","--","--","--","--","--","--","--","--","--","--","--","--","34.5","--"
"Jason Myers","K",393,"--","--","--","--","--","--","--","--","--","--","--","--","--","--","--","--","--","--","--","--",15.0,14.0,11.0,9.0,5.0,3.0,31.0,26.0,28.0,28.0,"116","--"
"Troy Niklas","TE",394,0.0,0.0,"--",0.0,10.8,8.0,87.0,10.9,"--","--","--","--","--","--","--","--","--","--","--","--","--","--","--","--","--","--","--","--","--","--","13.9","--"
"Saints D/ST","D/ST",395,"--","--","--","--","--","--","--","--","--","--","--","--","--","--",37.0,13.0,10.0,1.0,401.0,6213.6,"--","--","--","--","--","--","--","--","--","--","73","--"
"Travis Coons","K",396,"--","--","--","--","--","--","--","--","--","--","--","--","--","--","--","--","--","--","--","--",17.0,16.0,7.0,6.0,5.0,3.0,29.0,25.0,27.0,27.0,"110","--"
"Brandon Pettigrew","TE",397,0.0,0.0,"--",0.0,8.2,5.0,60.0,12.0,"--","--","--","--","--","--","--","--","--","--","--","--","--","--","--","--","--","--","--","--","--","--","11.9","--"
"Titans D/ST","D/ST",398,"--","--","--","--","--","--","--","--","--","--","--","--","--","--",39.0,13.0,6.0,3.0,424.0,5911.3,"--","--","--","--","--","--","--","--","--","--","87","--"
"Tyler Kroft","TE",399,0.0,0.0,"--",0.0,9.7,7.0,80.0,11.4,"--","--","--","--","--","--","--","--","--","--","--","--","--","--","--","--","--","--","--","--","--","--","13.9","--"
"Kyle Brindza","K",400,"--","--","--","--","--","--","--","--","--","--","--","--","--","--","--","--","--","--","--","--",14.0,12.0,9.0,8.0,7.0,5.0,30.0,25.0,32.0,31.0,"119","--"
"Jimmy Clausen","QB",401,1.0,1.0,"--",3.0,"--","--","--","--","--",13.0,"--",19.0,"--",219.0,"--","--","--","--","--","--","--","--","--","--","--","--","--","--","--","--","10.1","--"
"Reggie Wayne","WR",402,0.0,0.0,"--",0.0,0.0,0.0,0.0,0.0,"--","--","--","--","--","--","--","--","--","--","--","--","--","--","--","--","--","--","--","--","--","--","0","--"
"Mike Glennon","QB",403,0.0,0.0,"--",0.0,"--","--","--","--","--",84.0,"--",2.0,"--",22.0,"--","--","--","--","--","--","--","--","--","--","--","--","--","--","--","--","0","--"
"Ryan Griffin","TE",404,0.0,0.0,"--",0.0,14.8,10.0,110.0,11.0,"--","--","--","--","--","--","--","--","--","--","--","--","--","--","--","--","--","--","--","--","--","--","16.9","--"
"Bears D/ST","D/ST",405,"--","--","--","--","--","--","--","--","--","--","--","--","--","--",40.0,13.0,8.0,3.0,429.0,6018.7,"--","--","--","--","--","--","--","--","--","--","92","--"
