Rk,Name,Tm,Age,Pos,G,GS,Tgt,Rec,Ctch%,Yds,Y/R,TD,Lng,R/G,Y/G,Fmb
1,Larry Fitzgerald*\FitzLa00,ARI,33,WR,16,16,150,107,71.3%,1023,9.6,6,33,6.7,63.9,2
2,Antonio Brown*+\BrowAn04,PIT,28,WR,15,15,154,106,68.8%,1284,12.1,12,51,7.1,85.6,0
3,Odell Beckham*\BeckOd00,NYG,24,WR,16,16,169,101,59.8%,1367,13.5,10,75,6.3,85.4,3
4,Julian Edelman\EdelJu00,NWE,30,WR,16,13,159,98,61.6%,1106,11.3,3,77,6.1,69.1,3
5,Jordy Nelson\NelsJo00,GNB,31,WR,16,16,152,97,63.8%,1257,13.0,14,60,6.1,78.6,1
6,Mike Evans*\EvanMi00,TAM,23,WR,16,16,173,96,55.5%,1321,13.8,12,45,6.0,82.6,0
7,Doug Baldwin*\BaldDo00,SEA,28,WR,16,15,125,94,75.2%,1128,12.0,7,59,5.9,70.5,1
8,Jarvis Landry*\LandJa00,MIA,24,WR,16,16,131,94,71.8%,1136,12.1,4,71,5.9,71.0,2
9,Michael Thomas\ThomMi05,NOR,23,WR,15,12,121,92,76.0%,1137,12.4,9,46,6.1,75.8,2
10,T.Y. Hilton*\HiltT.00,IND,27,WR,16,16,155,91,58.7%,1448,15.9,6,63,5.7,90.5,0
11,Golden Tate\TateGo00,DET,28,WR,16,16,135,91,67.4%,1077,11.8,4,67,5.7,67.3,2
12,Demaryius Thomas*\ThomDe03,DEN,29,WR,16,16,144,90,62.5%,1083,12.0,5,55,5.6,67.7,2
13,Michael Crabtree\CrabMi00,OAK,29,WR,16,16,145,89,61.4%,1003,11.3,8,56,5.6,62.7,2
14,Dennis Pitta\PittDe00,BAL,31,TE,16,12,121,86,71.1%,729,8.5,2,30,5.4,45.6,1
15,Travis Kelce*+\KelcTr00,KAN,27,TE,16,15,117,85,72.6%,1125,13.2,4,80,5.3,70.3,0
16,Stefon Diggs\DiggSt00,MIN,23,WR,13,11,112,84,75.0%,903,10.8,3,46,6.5,69.5,0
17,Amari Cooper\CoopAm00,OAK,22,WR,16,14,132,83,62.9%,1153,13.9,5,64,5.2,72.1,2
18,Julio Jones*+\JoneJu02,ATL,27,WR,14,14,129,83,64.3%,1409,17.0,6,75,5.9,100.6,0
19,Kyle Rudolph\RudoKy00,MIN,27,TE,16,16,132,83,62.9%,840,10.1,7,44,5.2,52.5,0
20,David Johnson*+\JohnDa08,ARI,25,RB,16,16,120,80,66.7%,879,11.0,4,58,5.0,54.9,5
21,Greg Olsen*\OlseGr00,CAR,31,TE,16,16,129,80,62.0%,1073,13.4,3,78,5.0,67.1,0
22,Pierre Garcon\GarcPi00,WAS,30,WR,16,16,114,79,69.3%,1041,13.2,3,70,4.9,65.1,0
23,Emmanuel Sanders*\SandEm00,DEN,29,WR,16,16,137,79,57.7%,1032,13.1,5,64,4.9,64.5,1
24,Brandin Cooks\CookBr00,NOR,23,WR,16,12,117,78,66.7%,1173,15.0,8,98,4.9,73.3,1
25,Zach Ertz\ErtzZa00,PHI,26,TE,14,12,106,78,73.6%,816,10.5,4,30,5.6,58.3,0
26,DeAndre Hopkins\HopkDe00,HOU,24,WR,16,16,151,78,51.7%,954,12.2,4,51,4.9,59.6,0
27,Terrelle Pryor\PryoTe00,CLE,27,WR,16,15,140,77,55.0%,1007,13.1,4,54,4.8,62.9,1
28,Davante Adams\AdamDa01,GNB,24,WR,16,15,121,75,62.0%,997,13.3,12,66,4.7,62.3,2
29,Cole Beasley\BeasCo00,DAL,27,wr,16,6,98,75,76.5%,833,11.1,5,47,4.7,52.1,0
30,Le'Veon Bell*\BellLe00,PIT,24,RB,12,12,94,75,79.8%,616,8.2,2,32,6.3,51.3,4
31,Jordan Matthews\MattJo00,PHI,24,WR,14,13,117,73,62.4%,804,11.0,3,54,5.2,57.4,1
32,Allen Robinson\RobiAl02,JAX,23,WR,16,16,151,73,48.3%,883,12.1,6,42,4.6,55.2,1
33,Willie Snead\SneaWi00,NOR,24,wr,15,4,104,72,69.2%,895,12.4,4,49,4.8,59.7,2
34,Mike Wallace\WallMi00,BAL,30,WR,16,16,116,72,62.1%,1017,14.1,4,95,4.5,63.6,1
35,Steve Smith\SmitSt01,BAL,37,WR,14,14,101,70,69.3%,799,11.4,5,52,5.0,57.1,0
36,Adam Thielen\ThieAd00,MIN,26,WR,16,10,92,69,75.0%,967,14.0,5,71,4.3,60.4,2
37,Tyrell Williams\WillTy00,SDG,24,WR,16,12,119,69,58.0%,1059,15.3,7,51,4.3,66.2,0
38,Jason Witten\WittJa00,DAL,34,TE,16,16,95,69,72.6%,673,9.8,3,35,4.3,42.1,1
39,Kenny Britt\BritKe00,LAR,28,WR,15,15,111,68,61.3%,1002,14.7,5,66,4.5,66.8,2
40,Anquan Boldin\BoldAn00,DET,36,WR,16,16,95,67,70.5%,584,8.7,8,35,4.2,36.5,0
41,Jamison Crowder\CrowJa00,WAS,23,wr,16,9,99,67,67.7%,847,12.6,7,55,4.2,52.9,2
42,A.J. Green*\GreeA.00,CIN,28,WR,10,10,100,66,66.0%,964,14.6,4,54,6.6,96.4,0
43,Cameron Meredith\MereCa00,CHI,24,WR,14,10,97,66,68.0%,888,13.5,4,50,4.7,63.4,3
44,Jordan Reed*\ReedJo02,WAS,26,te,12,8,89,66,74.2%,686,10.4,6,33,5.5,57.2,1
45,Jimmy Graham*\GrahJi00,SEA,30,TE,16,15,95,65,68.4%,923,14.2,6,42,4.1,57.7,2
46,Rishard Matthews\MattRi00,TEN,27,WR,16,10,108,65,60.2%,945,14.5,9,60,4.1,59.1,1
47,Sterling Shepard\ShepSt00,NYG,22,WR,16,16,105,65,61.9%,683,10.5,8,32,4.1,42.7,0
48,Delanie Walker*\WalkHu00,TEN,32,TE,15,10,102,65,63.7%,800,12.3,7,47,4.3,53.3,1
49,Jeremy Kerley\KerlJe00,SFO,28,WR,16,13,115,64,55.7%,667,10.4,3,33,4.0,41.7,4
50,Brandon LaFell\LaFeBr00,CIN,30,WR,16,14,107,64,59.8%,862,13.5,6,86,4.0,53.9,0
51,Kelvin Benjamin\BenjKe00,CAR,25,WR,16,13,118,63,53.4%,941,14.9,7,50,3.9,58.8,1
52,Marqise Lee\LeexMa00,JAX,25,wr,16,6,105,63,60.0%,851,13.5,3,51,3.9,53.2,1
53,Eric Ebron\EbroEr00,DET,23,TE,13,13,85,61,71.8%,711,11.7,1,61,4.7,54.7,0
54,Tyreek Hill*+\HillTy00,KAN,22,wr,16,1,83,61,73.5%,593,9.7,6,49,3.8,37.1,4
55,Randall Cobb\CobbRa00,GNB,26,WR,13,10,84,60,71.4%,610,10.2,4,47,4.6,46.9,1
56,James White\WhitJa02,NWE,24,rb,16,4,86,60,69.8%,551,9.2,5,61,3.8,34.4,0
57,Jack Doyle\DoylJa00,IND,26,TE,16,14,75,59,78.7%,584,9.9,5,24,3.7,36.5,1
58,Brandon Marshall\MarsBr00,NYJ,32,WR,15,15,128,59,46.1%,788,13.4,3,41,3.9,52.5,0
59,Mohamed Sanu\SanuMo00,ATL,27,WR,15,15,81,59,72.8%,653,11.1,4,59,3.9,43.5,1
60,Tavon Austin\AustTa00,LAR,25,WR,15,15,106,58,54.7%,509,8.8,3,43,3.9,33.9,5
61,Quincy Enunwa\EnunQu00,NYJ,24,WR,16,13,105,58,55.2%,857,14.8,4,69,3.6,53.6,0
62,Dontrelle Inman\InmaDo00,SDG,27,WR,16,16,97,58,59.8%,810,14.0,4,57,3.6,50.6,0
63,Bilal Powell\PoweBi00,NYJ,28,rb,16,4,74,58,78.4%,388,6.7,2,22,3.6,24.3,1
64,Cameron Brate\BratCa00,TAM,25,TE,15,10,81,57,70.4%,660,11.6,8,38,3.8,44.0,1
65,Charles Clay\ClayCh00,BUF,27,TE,15,15,87,57,65.5%,552,9.7,4,40,3.8,36.8,0
66,DeSean Jackson\JackDe00,WAS,30,WR,15,15,100,56,56.0%,1005,17.9,4,80,3.7,67.0,0
67,DeVante Parker\ParkDe01,MIA,23,wr,15,8,87,56,64.4%,744,13.3,4,56,3.7,49.6,0
68,Gary Barnidge\BarnGa01,CLE,31,TE,16,16,82,55,67.1%,612,11.1,2,43,3.4,38.3,0
69,Martellus Bennett\BennMa00,NWE,29,TE,16,12,73,55,75.3%,701,12.7,7,58,3.4,43.8,0
70,Adam Humphries\HumpAd00,TAM,23,wr,15,4,83,55,66.3%,622,11.3,2,42,3.7,41.5,3
71,Marvin Jones\JoneMa02,DET,26,WR,15,15,103,55,53.4%,930,16.9,4,73,3.7,62.0,0
72,Tyler Boyd\BoydTy00,CIN,22,wr,16,2,81,54,66.7%,603,11.2,1,30,3.4,37.7,1
73,C.J. Fiedorowicz\FiedC.00,HOU,25,TE,15,15,89,54,60.7%,559,10.4,4,26,3.6,37.3,1
74,Devonta Freeman*\FreeDe00,ATL,24,RB,16,16,65,54,83.1%,462,8.6,2,35,3.4,28.9,1
75,Ted Ginn\GinnTe00,CAR,31,wr,16,8,95,54,56.8%,752,13.9,4,88,3.4,47.0,3
76,Antonio Gates\GateAn00,SDG,36,te,14,9,93,53,57.0%,548,10.3,7,27,3.8,39.1,1
77,Duke Johnson\JohnDu00,CLE,23,rb,16,1,74,53,71.6%,514,9.7,0,32,3.3,32.1,2
78,DeMarco Murray*\MurrDe00,TEN,28,RB,16,16,67,53,79.1%,377,7.1,3,35,3.3,23.6,3
79,Theo Riddick\RiddTh00,DET,25,rb,10,8,67,53,79.1%,371,7.0,5,23,5.3,37.1,0
80,Alshon Jeffery\JeffAl00,CHI,26,WR,12,12,94,52,55.3%,821,15.8,2,54,4.3,68.4,0
81,Cordarrelle Patterson*+\PattCo00,MIN,25,wr,16,8,70,52,74.3%,453,8.7,2,39,3.3,28.3,2
82,Darren Sproles*\SproDa00,PHI,33,rb,15,5,71,52,73.2%,427,8.2,2,73,3.5,28.5,1
83,Robert Woods\WoodRo02,BUF,24,WR,13,10,76,51,67.1%,613,12.0,1,34,3.9,47.2,0
84,Dez Bryant*\BryaDe01,DAL,28,WR,13,13,96,50,52.1%,796,15.9,8,56,3.8,61.2,1
85,Coby Fleener\FleeCo00,NOR,28,te,16,8,81,50,61.7%,631,12.6,3,50,3.1,39.4,2
86,Ryan Griffin\GrifRy00,HOU,26,te,16,5,74,50,67.6%,442,8.8,2,45,3.1,27.6,1
87,Lance Kendricks\KendLa00,LAR,28,TE,16,16,87,50,57.5%,499,10.0,2,44,3.1,31.2,1
88,LeSean McCoy*\McCoLe01,BUF,28,RB,15,15,57,50,87.7%,356,7.1,1,41,3.3,23.7,3
89,T.J. Yeldon\YeldT.00,JAX,23,RB,15,13,68,50,73.5%,312,6.2,1,17,3.3,20.8,2
90,Chris Thompson\ThomCh03,WAS,26,,16,0,62,49,79.0%,349,7.1,2,38,3.1,21.8,2
91,Eli Rogers\RogeEl00,PIT,,wr,13,8,66,48,72.7%,594,12.4,3,39,3.7,45.7,1
92,Will Tye\TyexWi00,NYG,25,TE,16,10,70,48,68.6%,395,8.2,1,27,3.0,24.7,0
93,Travis Benjamin\BenjTr00,SDG,27,wr,14,8,75,47,62.7%,677,14.4,4,54,3.4,48.4,5
94,Will Fuller\FullWi01,HOU,22,WR,14,13,92,47,51.1%,635,13.5,2,53,3.4,45.4,2
95,Zach Miller\MillZa02,CHI,32,te,10,8,64,47,73.4%,486,10.3,4,34,4.7,48.6,0
96,Mark Ingram\IngrMa01,NOR,27,RB,16,14,58,46,79.3%,319,6.9,4,22,2.9,19.9,2
97,Chris Conley\ConlCh00,KAN,24,WR,16,11,69,44,63.8%,530,12.0,0,39,2.8,33.1,1
98,Vernon Davis\DaviVe00,WAS,32,TE,16,14,59,44,74.6%,583,13.3,2,44,2.8,36.4,0
99,Jeremy Maclin\MaclJe00,KAN,28,WR,12,12,76,44,57.9%,536,12.2,2,44,3.7,44.7,0
100,Ty Montgomery\MontTy01,GNB,23,rb,15,6,56,44,78.6%,348,7.9,0,24,2.9,23.2,2
101,Terrance Williams\WillTe01,DAL,27,WR,16,15,61,44,72.1%,594,13.5,4,47,2.8,37.1,1
102,Todd Gurley\GurlTo01,LAR,22,RB,16,16,58,43,74.1%,327,7.6,0,33,2.7,20.4,2
103,Jerick McKinnon\McKiJe00,MIN,24,rb,15,7,53,43,81.1%,255,5.9,2,41,2.9,17.0,0
104,Robby Anderson\AndeRo04,NYJ,23,wr,16,8,78,42,53.8%,587,14.0,2,52,2.6,36.7,1
105,Kenny Stills\StilKe00,MIA,24,WR,16,16,81,42,51.9%,726,17.3,9,74,2.6,45.4,0
106,Melvin Gordon*\GordMe00,SDG,23,RB,13,11,57,41,71.9%,419,10.2,2,35,3.2,32.2,2
107,Jermaine Kearse\KearJe01,SEA,26,WR,16,15,89,41,46.1%,510,12.4,1,36,2.6,31.9,0
108,Tyler Lockett\LockTy00,SEA,24,wr,15,9,66,41,62.1%,597,14.6,1,57,2.7,39.8,0
109,Brian Quick\QuicBr00,LAR,27,wr,16,8,77,41,53.2%,564,13.8,3,65,2.6,35.3,0
110,Tajae Sharpe\SharTa00,TEN,22,WR,16,10,83,41,49.4%,522,12.7,2,34,2.6,32.6,0
111,Travaris Cadet\CadeTr00,NOR,27,rb,15,1,54,40,74.1%,281,7.0,4,25,2.7,18.7,0
112,Isaiah Crowell\CrowIs00,CLE,23,RB,16,16,53,40,75.5%,319,8.0,0,44,2.5,19.9,2
113,Giovani Bernard\BernGi00,CIN,25,hb,10,2,51,39,76.5%,336,8.6,1,32,3.9,33.6,1
114,John Brown\BrowJo02,ARI,26,wr,15,6,73,39,53.4%,517,13.3,2,30,2.6,34.5,1
115,Victor Cruz\CruzVi00,NYG,30,WR,15,12,72,39,54.2%,586,15.0,1,48,2.6,39.1,1
116,Jesse James\JameJe00,PIT,22,TE,16,13,60,39,65.0%,338,8.7,3,24,2.4,21.1,0
117,Frank Gore\GoreFr00,IND,33,RB,16,16,47,38,80.9%,277,7.3,4,49,2.4,17.3,2
118,Chris Hogan\HogaCh00,NWE,28,WR,15,14,58,38,65.5%,680,17.9,4,79,2.5,45.3,1
119,Seth Roberts\RobeSe00,OAK,25,wr,16,6,77,38,49.4%,397,10.4,5,41,2.4,24.8,0
120,Trey Burton\BurtTr01,PHI,25,te,15,4,60,37,61.7%,327,8.8,1,32,2.5,21.8,0
121,Michael Floyd\FloyMi00,2TM,27,,15,8,76,37,48.7%,488,13.2,5,39,2.5,32.5,0
122,Jermaine Gresham\GresJe00,ARI,28,TE,16,14,61,37,60.7%,391,10.6,2,34,2.3,24.4,1
123,Kyle Juszczyk*\JuszKy00,BAL,25,fb,16,7,49,37,75.5%,266,7.2,0,40,2.3,16.6,0
124,Quinton Patton\PattQu00,SFO,26,WR,14,14,63,37,58.7%,408,11.0,0,45,2.6,29.1,1
125,Nelson Agholor\AghoNe00,PHI,23,WR,15,14,69,36,52.2%,365,10.1,2,40,2.4,24.3,1
126,Dorial Green-Beckham\GreeDo00,PHI,23,wr,15,7,74,36,48.6%,392,10.9,2,26,2.4,26.1,0
127,Hunter Henry\HenrHu00,SDG,22,TE,15,10,53,36,67.9%,478,13.3,8,59,2.4,31.9,1
128,Dwayne Allen\AlleDw00,IND,26,TE,14,14,52,35,67.3%,406,11.6,6,23,2.5,29.0,1
129,Taylor Gabriel\GabrTa00,ATL,25,wr,13,3,50,35,70.0%,579,16.5,6,76,2.7,44.5,0
130,Allen Hurns\HurnAl01,JAX,25,WR,11,11,76,35,46.1%,477,13.6,3,42,3.2,43.4,1
131,Rashad Jennings\JennRa00,NYG,31,RB,13,12,42,35,83.3%,201,5.7,1,24,2.7,15.5,1
132,JJ Nelson\NelsJJ00,ARI,24,wr,15,6,74,34,45.9%,568,16.7,6,80,2.3,37.9,1
133,Terrance West\WestTe00,BAL,25,RB,16,13,45,34,75.6%,236,6.9,1,17,2.1,14.8,2
134,Corey Coleman\ColeCo00,CLE,22,WR,10,10,73,33,45.2%,413,12.5,3,58,3.3,41.3,0
135,Phillip Dorsett\DorsPh00,IND,23,wr,15,7,59,33,55.9%,528,16.0,2,64,2.2,35.2,1
136,Andrew Hawkins\HawkAn00,CLE,30,wr,16,5,54,33,61.1%,324,9.8,3,33,2.1,20.3,0
137,Latavius Murray\MurrLa00,OAK,26,RB,14,12,43,33,76.7%,264,8.0,0,39,2.4,18.9,2
138,Breshad Perriman\PerrBr02,BAL,23,wr,16,1,66,33,50.0%,499,15.1,3,53,2.1,31.2,0
139,Eddie Royal\RoyaEd00,CHI,30,wr,9,1,43,33,76.7%,369,11.2,2,64,3.7,41.0,2
140,Clive Walford\WalfCl00,OAK,25,te,15,8,52,33,63.5%,359,10.9,3,31,2.2,23.9,0
141,Spencer Ware\WareSp00,KAN,25,RB,14,14,42,33,78.6%,447,13.5,2,46,2.4,31.9,4
142,Matt Asiata\AsiaMa00,MIN,29,rb,16,6,38,32,84.2%,263,8.2,0,31,2.0,16.4,1
143,Ezekiel Elliott*+\ElliEz00,DAL,21,RB,15,15,39,32,82.1%,363,11.3,1,83,2.1,24.2,5
144,Malcolm Mitchell\MitcMa01,NWE,24,wr,14,6,48,32,66.7%,401,12.5,4,56,2.3,28.6,0
145,Devontae Booker\BookDe00,DEN,24,rb,16,6,45,31,68.9%,265,8.5,1,43,1.9,16.6,4
146,Tevin Coleman\ColeTe01,ATL,23,,13,0,40,31,77.5%,421,13.6,3,49,2.4,32.4,1
147,Lamar Miller\MillLa01,HOU,25,RB,14,14,39,31,79.5%,188,6.1,1,16,2.2,13.4,2
148,Albert Wilson\WilsAl02,KAN,24,wr,16,5,51,31,60.8%,279,9.0,2,42,1.9,17.4,0
149,Jared Cook\CookJa02,GNB,29,te,10,5,51,30,58.8%,377,12.6,1,47,3.0,37.7,1
150,Kenneth Dixon\DixoKe00,BAL,22,,12,0,41,30,73.2%,162,5.4,1,16,2.5,13.5,1
151,Matt Forte\FortMa00,NYJ,31,RB,14,13,43,30,69.8%,263,8.8,1,40,2.1,18.8,1
152,Donte Moncrief\MoncDo00,IND,23,wr,9,7,56,30,53.6%,307,10.2,7,39,3.3,34.1,0
153,Richard Rodgers\RodgRi00,GNB,24,te,16,6,47,30,63.8%,271,9.0,2,22,1.9,16.9,0
154,Julius Thomas\ThomJu00,JAX,28,te,9,6,51,30,58.8%,281,9.4,4,24,3.3,31.2,0
155,Kamar Aiken\AikeKa00,BAL,27,wr,16,6,50,29,58.0%,328,11.3,1,29,1.8,20.5,0
156,Garrett Celek\CeleGa00,SFO,28,te,16,6,50,29,58.0%,350,12.1,3,31,1.8,21.9,2
157,Shaun Draughn\DrauSh00,SFO,29,rb,16,1,39,29,74.4%,263,9.1,2,29,1.8,16.4,1
158,Tyler Eifert\EifeTy00,CIN,26,te,8,2,47,29,61.7%,394,13.6,5,71,3.6,49.3,0
159,Marquise Goodwin\GoodMa00,BUF,26,wr,15,9,68,29,42.6%,431,14.9,3,84,1.9,28.7,0
160,Jordan Howard*\HowaJo00,CHI,22,RB,15,13,50,29,58.0%,298,10.3,1,34,1.9,19.9,2
161,Jalen Richard\RichJa01,OAK,23,,16,0,39,29,74.4%,194,6.7,2,29,1.8,12.1,0
162,Kendall Wright\WrigKe01,TEN,27,wr,11,4,42,29,69.0%,416,14.3,3,48,2.6,37.8,0
163,Sammy Watkins\WatkSa00,BUF,23,wr,8,8,52,28,53.8%,430,15.4,2,62,3.5,53.8,0
164,Charcandrick West\WestCh01,KAN,25,rb,15,2,34,28,82.4%,188,6.7,2,28,1.9,12.5,0
165,Jay Ajayi*\AjayJa00,MIA,23,RB,15,12,35,27,77.1%,151,5.6,0,15,1.8,10.1,4
166,Corey Brown\BrowPh00,CAR,25,wr,16,8,53,27,50.9%,276,10.2,1,27,1.7,17.3,1
167,Carlos Hyde\HydeCa00,SFO,25,RB,13,13,33,27,81.8%,163,6.0,3,19,2.1,12.5,5
168,Brandon Coleman\ColeBr00,NOR,24,wr,16,4,38,26,68.4%,281,10.8,3,38,1.6,17.6,0
169,Dion Sims\SimsDi00,MIA,25,TE,14,11,35,26,74.3%,256,9.8,4,28,1.9,18.3,0
170,Robert Turbin\TurbRo00,IND,27,,15,0,35,26,74.3%,179,6.9,1,19,1.7,11.9,0
171,Rob Gronkowski\GronRo00,NWE,27,te,8,6,38,25,65.8%,540,21.6,3,53,3.1,67.5,0
172,C.J. Uzomah\UzomC.00,CIN,23,te,10,8,38,25,65.8%,234,9.4,1,54,2.5,23.4,0
173,Fozzy Whittaker\WhitFo00,CAR,27,,16,0,33,25,75.8%,226,9.0,0,25,1.6,14.1,1
174,Vance McDonald\McDoVa00,SFO,26,TE,11,11,45,24,53.3%,391,16.3,4,75,2.2,35.5,0
175,Charles Sims\SimsCh00,TAM,26,rb,7,2,32,24,75.0%,190,7.9,1,33,3.4,27.1,1
176,Bryan Walters\WaltBr00,JAX,29,wr,10,3,34,24,70.6%,231,9.6,2,23,2.4,23.1,1
177,Danny Amendola\AmenDa00,NWE,31,wr,12,4,29,23,79.3%,243,10.6,4,32,1.9,20.3,3
178,Devin Funchess\FuncDe00,CAR,22,wr,15,7,58,23,39.7%,371,16.1,4,48,1.5,24.7,0
179,Russell Shepard\ShepRu00,TAM,26,wr,14,4,40,23,57.5%,341,14.8,2,24,1.6,24.4,0
180,Damien Williams\WillDa05,MIA,24,,15,0,32,23,71.9%,249,10.8,3,58,1.5,16.6,1
181,Virgil Green\GreeVi00,DEN,28,TE,12,11,37,22,59.5%,237,10.8,1,31,1.8,19.8,0
182,Tim Hightower\HighTi00,NOR,30,rb,16,1,26,22,84.6%,200,9.1,1,50,1.4,12.5,0
183,Christine Michael\MichCh00,2TM,26,,15,7,29,22,75.9%,107,4.9,1,13,1.5,7.1,2
184,Jacob Tamme\TammJa00,ATL,31,te,8,5,31,22,71.0%,210,9.5,3,19,2.8,26.3,0
185,Deonte Thompson\ThomDe04,CHI,27,wr,16,6,36,22,61.1%,249,11.3,2,24,1.4,15.6,1
186,Sammie Coates\CoatSa00,PIT,23,wr,14,5,49,21,42.9%,435,20.7,2,72,1.5,31.1,0
187,Justin Hardy\HardJu00,ATL,25,wr,16,3,31,21,67.7%,203,9.7,4,27,1.3,12.7,0
188,Jeremy Hill\HillJe01,CIN,24,HB,15,13,27,21,77.8%,174,8.3,0,25,1.4,11.6,0
189,Jordan Norwood\NorwJo00,DEN,30,wr,14,6,35,21,60.0%,232,11.0,1,36,1.5,16.6,5
190,Paul Richardson\RichPa01,SEA,24,,15,0,36,21,58.3%,288,13.7,1,39,1.4,19.2,0
191,Josh Ferguson\FergJo02,IND,23,,16,0,26,20,76.9%,136,6.8,0,14,1.3,8.5,1
192,Justin Forsett\ForsJu00,3TM,31,,9,6,27,20,74.1%,85,4.3,0,11,2.2,9.4,2
193,Chris Ivory\IvorCh00,JAX,28,rb,11,1,28,20,71.4%,186,9.3,0,37,1.8,16.9,5
194,Charles Johnson\JohnCh08,MIN,27,wr,16,7,37,20,54.1%,232,11.6,0,40,1.3,14.5,0
195,Marcedes Lewis\LewiMa00,JAX,32,TE,10,10,30,20,66.7%,169,8.5,1,37,2.0,16.9,0
196,Bobby Rainey\RainBo00,NYG,29,,15,0,25,20,80.0%,153,7.7,0,24,1.3,10.2,1
197,Aldrick Robinson\RobiAl00,ATL,28,wr,16,1,32,20,62.5%,323,16.2,2,59,1.3,20.2,0
198,Torrey Smith\SmitTo02,SFO,27,WR,12,12,49,20,40.8%,267,13.4,3,53,1.7,22.3,0
199,Josh Bellamy\BellJo02,CHI,27,wr,16,2,38,19,50.0%,282,14.8,1,31,1.2,17.6,0
200,Austin Hooper\HoopAu00,ATL,22,te,14,3,27,19,70.4%,271,14.3,3,44,1.4,19.4,0
201,Ben Koyack\KoyaBe00,JAX,23,te,14,7,24,19,79.2%,161,8.5,1,17,1.4,11.5,0
202,Jeremy Langford\LangJe00,CHI,25,rb,12,3,27,19,70.4%,142,7.5,0,19,1.6,11.8,2
203,Charone Peake\PeakCh00,NYJ,24,wr,15,1,35,19,54.3%,186,9.8,0,27,1.3,12.4,0
204,Chester Rogers\RogeCh02,IND,22,wr,14,2,34,19,55.9%,273,14.4,0,36,1.4,19.5,2
205,James Starks\StarJa00,GNB,30,rb,9,4,25,19,76.0%,134,7.1,2,31,2.1,14.9,1
206,Kevin White\WhitKe00,CHI,24,wr,4,4,36,19,52.8%,187,9.8,0,32,4.8,46.8,0
207,Ladarius Green\GreeLa00,PIT,26,te,6,2,34,18,52.9%,304,16.9,1,37,3.0,50.7,0
208,Ricardo Louis\LouiRi00,CLE,22,wr,16,3,35,18,51.4%,205,11.4,0,42,1.1,12.8,1
209,Mychal Rivera\RiveMy00,OAK,26,te,13,2,25,18,72.0%,192,10.7,1,27,1.4,14.8,0
210,Rod Streater\StreRo00,SFO,28,wr,16,2,27,18,66.7%,191,10.6,2,25,1.1,11.9,0
211,DeAngelo Williams\WillDe02,PIT,33,rb,8,4,27,18,66.7%,118,6.6,2,20,2.3,14.8,0
212,Zach Zenner\ZennZa00,DET,25,rb,14,4,23,18,78.3%,196,10.9,0,33,1.3,14.0,1
213,Rex Burkhead\BurkRe00,CIN,26,hb,16,1,20,17,85.0%,145,8.5,0,18,1.1,9.1,1
214,Cody Core\CoreCo00,CIN,22,wr,8,4,27,17,63.0%,200,11.8,0,50,2.1,25.0,0
215,Cobi Hamilton\HamiCo00,PIT,26,wr,11,8,28,17,60.7%,234,13.8,2,39,1.5,21.3,0
216,Demetrius Harris\HarrDe03,KAN,25,TE,16,11,31,17,54.8%,123,7.2,1,13,1.1,7.7,1
217,Dion Lewis\LewiDi00,NWE,26,rb,7,5,24,17,70.8%,94,5.5,0,16,2.4,13.4,1
218,C.J. Prosise\ProsC.00,SEA,22,rb,6,2,19,17,89.5%,208,12.2,0,43,2.8,34.7,0
219,DeAndre Washington\WashDe00,OAK,23,rb,14,2,23,17,73.9%,115,6.8,0,18,1.2,8.2,1
220,Jerell Adams\AdamJe01,NYG,24,te,13,2,21,16,76.2%,122,7.6,1,14,1.2,9.4,1
221,C.J. Anderson\AndeC.00,DEN,25,rb,7,7,24,16,66.7%,128,8.0,1,25,2.3,18.3,0
222,Daniel Brown\BrowDa04,2TM,24,,8,3,20,16,80.0%,124,7.8,1,12,2.0,15.5,0
223,Brice Butler\ButlBr00,DAL,26,wr,16,3,32,16,50.0%,219,13.7,3,41,1.0,13.7,0
224,Benny Cunningham\CunnBe01,LAR,26,,11,0,21,16,76.2%,91,5.7,0,12,1.5,8.3,1
225,A.J. Derby\DerbA.00,2TM,25,,10,3,20,16,80.0%,160,10.0,0,17,1.6,16.0,1
226,Lance Dunbar\DunbLa00,DAL,26,,13,0,24,16,66.7%,122,7.6,0,16,1.2,9.4,1
227,Josh Huff\HuffJo00,2TM,25,,10,2,23,16,69.6%,113,7.1,1,17,1.6,11.3,0
228,John Kuhn\KuhnJo00,NOR,34,fb,16,3,20,16,80.0%,70,4.4,1,11,1.0,4.4,0
229,Jordan Taylor\TaylJo01,DEN,24,,16,0,25,16,64.0%,209,13.1,2,35,1.0,13.1,1
230,Larry Donnell\DonnLa00,NYG,28,te,14,6,22,15,68.2%,92,6.1,1,15,1.1,6.6,1
231,Harry Douglas\DougHa00,TEN,32,wr,11,2,22,15,68.2%,210,14.0,0,35,1.4,19.1,0
232,Josh Hill\HillJo02,NOR,26,te,9,8,22,15,68.2%,149,9.9,1,35,1.7,16.6,0
233,Vincent Jackson\JackVi00,TAM,33,wr,5,5,32,15,46.9%,173,11.5,0,18,3.0,34.6,0
234,Braxton Miller\MillBr03,HOU,24,wr,10,6,28,15,53.6%,99,6.6,1,12,1.5,9.9,0
235,Paul Perkins\PerkPa00,NYG,22,rb,14,1,24,15,62.5%,162,10.8,0,67,1.1,11.6,1
236,Erik Swoope\SwooEr00,IND,24,te,16,4,22,15,68.2%,297,19.8,1,45,0.9,18.6,0
237,Luke Willson\WillLu00,SEA,26,te,11,6,21,15,71.4%,129,8.6,2,19,1.4,11.7,0
238,Brent Celek\CeleBr00,PHI,31,te,16,8,19,14,73.7%,155,11.1,0,24,0.9,9.7,1
239,Pharoh Cooper\CoopPh00,LAR,21,wr,10,3,20,14,70.0%,106,7.6,0,23,1.4,10.6,0
240,Darren Fells\FellDa01,ARI,30,te,14,7,18,14,77.8%,154,11.0,1,37,1.0,11.0,0
241,MarQueis Gray\GrayMa00,MIA,27,te,16,7,17,14,82.4%,174,12.4,0,53,0.9,10.9,0
242,Andre Holmes\HolmAn00,OAK,28,wr,16,2,25,14,56.0%,126,9.0,3,23,0.9,7.9,0
243,Jalin Marshall\MarsJa01,NYJ,21,wr,10,1,23,14,60.9%,162,11.6,2,27,1.4,16.2,4
244,Doug Martin\MartDo00,TAM,27,rb,8,8,16,14,87.5%,134,9.6,0,27,1.8,16.8,1
245,Walt Powell\PoweWa00,BUF,25,wr,9,2,25,14,56.0%,142,10.1,0,35,1.6,15.8,0
246,Andre Roberts\RobeAn00,DET,28,wr,16,1,25,14,56.0%,188,13.4,1,44,0.9,11.8,2
247,Jaelen Strong\StroJa01,HOU,22,wr,8,2,24,14,58.3%,131,9.4,0,36,1.8,16.4,0
248,Kenneth Farrow\FarrKe02,SDG,23,rb,13,2,16,13,81.3%,70,5.4,0,16,1.0,5.4,2
249,Jonathan Grimes\GrimJo01,HOU,27,,10,0,18,13,72.2%,94,7.2,0,15,1.3,9.4,0
250,Chris Harper\HarpCh01,SFO,23,wr,9,2,21,13,61.9%,133,10.2,0,19,1.4,14.8,0
251,Derrick Henry\HenrDe00,TEN,22,rb,15,1,15,13,86.7%,137,10.5,0,29,0.9,9.1,0
252,Ryan Mathews\MathRy00,PHI,29,rb,13,8,14,13,92.9%,115,8.8,1,27,1.0,8.8,3
253,Thomas Rawls\RawlTh00,SEA,23,rb,9,7,17,13,76.5%,96,7.4,0,20,1.4,10.7,0
254,Jacquizz Rodgers\RodgJa00,TAM,26,rb,10,5,16,13,81.3%,98,7.5,0,21,1.3,9.8,0
255,Austin Seferian-Jenkins\SefeAu00,2TM,24,,9,2,20,13,65.0%,154,11.8,1,30,1.4,17.1,0
256,Levine Toilolo\ToilLe00,ATL,25,TE,16,11,19,13,68.4%,264,20.3,2,46,0.8,16.5,0
257,James Wright\WrigJa03,CIN,25,wr,13,2,19,13,68.4%,106,8.2,0,15,1.0,8.2,0
258,Geronimo Allison\AlliGe01,GNB,22,wr,10,2,22,12,54.5%,202,16.8,2,39,1.2,20.2,0
259,Alfred Blue\BlueAl00,HOU,25,rb,14,2,16,12,75.0%,40,3.3,0,12,0.9,2.9,2
260,Andre Ellington\ElliAn00,ARI,27,,16,0,19,12,63.2%,85,7.1,0,16,0.8,5.3,0
261,Robert Kelley\KellRo00,WAS,24,rb,14,9,18,12,66.7%,82,6.8,1,22,0.9,5.9,0
262,Jamize Olawale\OlawJa00,OAK,27,fb,16,7,14,12,85.7%,227,18.9,1,75,0.8,14.2,0
263,Neal Sterling\SterNe00,JAX,24,te,10,1,16,12,75.0%,110,9.2,0,17,1.2,11.0,0
264,Stephen Anderson\AndeSt01,HOU,23,,13,0,16,11,68.8%,93,8.5,1,14,0.8,7.2,0
265,Jaron Brown\BrowJa03,ARI,26,wr,7,2,22,11,50.0%,187,17.0,1,51,1.6,26.7,0
266,Alex Collins\CollAl00,SEA,22,,11,0,11,11,100.0%,84,7.6,0,14,1.0,7.6,2
267,Bennie Fowler\FowlBe00,DEN,25,,13,0,24,11,45.8%,145,13.2,2,76,0.8,11.2,0
268,Xavier Grimble\GrimXa00,PIT,24,te,12,2,21,11,52.4%,118,10.7,2,20,0.9,9.8,0
269,Tyler Higbee\HigbTy00,LAR,23,te,16,6,29,11,37.9%,85,7.7,1,31,0.7,5.3,0
270,Jeff Janis\JaniJe00,GNB,25,wr,16,1,19,11,57.9%,93,8.5,1,25,0.7,5.8,0
271,Cecil Shorts\ShorCe00,TAM,29,wr,9,5,27,11,40.7%,152,13.8,0,22,1.2,16.9,0
272,Shane Vereen\VereSh00,NYG,27,rb,5,1,19,11,57.9%,94,8.5,0,16,2.2,18.8,2
273,Jarius Wright\WrigJa02,MIN,27,wr,7,1,14,11,78.6%,67,6.1,1,11,1.6,9.6,0
274,Seth Devalve\DevaSe00,CLE,23,te,12,2,12,10,83.3%,127,12.7,2,25,0.8,10.6,0
275,Ed Dickson\DickEd00,CAR,29,te,16,8,19,10,52.6%,134,13.4,1,28,0.6,8.4,0
276,Justin Hunter\HuntJu00,2TM,25,,13,5,23,10,43.5%,189,18.9,4,64,0.8,14.5,0
277,Tyler Kroft\KrofTy00,CIN,24,TE,14,11,12,10,83.3%,92,9.2,0,21,0.7,6.6,0
278,Keith Mumphery\MumpKe00,HOU,24,wr,11,3,12,10,83.3%,69,6.9,0,11,0.9,6.3,0
279,John Phillips\PhilJo00,2TM,29,,16,7,15,10,66.7%,72,7.2,1,16,0.6,4.5,0
280,Mike Tolbert*\TolbMi00,CAR,31,fb,16,2,15,10,66.7%,72,7.2,1,17,0.6,4.5,0
281,Darren Waller\WallDa01,BAL,24,te,12,3,17,10,58.8%,85,8.5,2,15,0.8,7.1,0
282,Dwayne Washington\WashDw00,DET,22,rb,12,2,15,10,66.7%,62,6.2,0,11,0.8,5.2,0
283,Eric Decker\DeckEr00,NYJ,29,wr,3,3,21,9,42.9%,194,21.6,2,35,3.0,64.7,0
284,Kenyan Drake\DrakKe00,MIA,22,rb,16,1,10,9,90.0%,46,5.1,0,9,0.6,2.9,1
285,Rhett Ellison\ElliRh00,MIN,28,te,15,6,14,9,64.3%,57,6.3,0,21,0.6,3.8,0
286,Mike Gillislee\GillMi00,BUF,26,rb,15,1,11,9,81.8%,50,5.6,1,18,0.6,3.3,1
287,Ryan Grant\GranRy01,WAS,26,wr,16,1,19,9,47.4%,76,8.4,0,17,0.6,4.8,0
288,Jeff Heuerman\HeueJe00,DEN,24,te,12,2,17,9,52.9%,141,15.7,0,31,0.8,11.8,0
289,Andre Johnson\JohnAn02,TEN,35,wr,8,3,22,9,40.9%,85,9.4,2,20,1.1,10.6,0
290,Tanner McEvoy\McEvTa01,SEA,23,,14,0,11,9,81.8%,140,15.6,2,42,0.6,10.0,0
291,Nick O'Leary\OLeaNi00,BUF,24,te,16,7,14,9,64.3%,114,12.7,0,28,0.6,7.1,0
292,Aaron Ripkowski\RipkAa00,GNB,24,fb,16,8,10,9,90.0%,46,5.1,1,9,0.6,2.9,0
293,Paul Turner\TurnPa01,PHI,23,wr,4,2,14,9,64.3%,126,14.0,0,41,2.3,31.5,0
294,Marquess Wilson\WilsMa02,CHI,24,wr,3,1,16,9,56.3%,160,17.8,1,35,3.0,53.3,0
295,Brandon Bostick\BostBr00,NYJ,27,te,16,7,11,8,72.7%,63,7.9,0,14,0.5,3.9,0
296,Jordan Cameron\CameJo00,MIA,28,te,3,3,11,8,72.7%,60,7.5,1,13,2.7,20.0,0
297,Anthony Fasano\FasaAn00,TEN,32,te,16,9,13,8,61.5%,83,10.4,2,17,0.5,5.2,0
298,Crockett Gillmore\GillCr00,BAL,25,te,7,5,14,8,57.1%,71,8.9,1,22,1.1,10.1,0
299,Brittan Golden\GoldBr00,ARI,28,wr,12,1,14,8,57.1%,82,10.3,1,22,0.7,6.8,1
300,DuJuan Harris\HarrDu01,SFO,28,rb,10,1,9,8,88.9%,115,14.4,1,47,0.8,11.5,2
301,Maurice Harris\HarrMa05,WAS,24,,10,0,12,8,66.7%,66,8.3,0,15,0.8,6.6,1
302,Matt Jones\JoneMa04,WAS,23,rb,7,7,8,8,100.0%,73,9.1,0,16,1.1,10.4,3
303,Cody Latimer\LatiCo00,DEN,24,wr,12,1,15,8,53.3%,76,9.5,0,16,0.7,6.3,0
304,Freddie Martino\MartFr00,TAM,25,,13,0,11,8,72.7%,142,17.8,1,43,0.6,10.9,0
305,Jonathan Stewart\StewJo00,CAR,29,RB,13,13,21,8,38.1%,60,7.5,0,25,0.6,4.6,3
306,Brandon Tate\TateBr00,BUF,29,wr,15,1,12,8,66.7%,117,14.6,0,34,0.5,7.8,0
307,LeGarrette Blount\BlouLe00,NWE,30,rb,16,8,8,7,87.5%,38,5.4,0,16,0.4,2.4,2
308,Aaron Burbridge\BurbAa00,SFO,23,wr,16,3,16,7,43.8%,88,12.6,0,24,0.4,5.5,1
309,Reggie Bush\BushRe00,BUF,31,,13,0,10,7,70.0%,90,12.9,0,25,0.5,6.9,1
310,Patrick DiMarco\DiMaPa00,ATL,27,fb,16,8,10,7,70.0%,52,7.4,1,18,0.4,3.3,0
311,Ronnie Hillman\HillRo00,2TM,25,,8,1,15,7,46.7%,93,13.3,0,32,0.9,11.6,0
312,David Johnson\JohnDa05,PIT,29,te,16,4,11,7,63.6%,80,11.4,0,26,0.4,5.0,0
313,Dominique Jones\JoneDo01,MIA,29,te,9,2,10,7,70.0%,61,8.7,1,24,0.8,6.8,0
314,Roger Lewis\LewiRo03,NYG,23,wr,13,1,19,7,36.8%,97,13.9,2,30,0.5,7.5,0
315,Tommylee Lewis\LewiTo00,NOR,24,wr,12,1,11,7,63.6%,76,10.9,0,26,0.6,6.3,2
316,Dexter McCluster\McClDe00,SDG,28,,6,0,11,7,63.6%,36,5.1,0,10,1.2,6.0,0
317,Chris Moore\MoorCh00,BAL,23,,15,0,16,7,43.8%,46,6.6,0,13,0.5,3.1,1
318,Brandon Myers\MyerBr00,TAM,31,te,16,9,14,7,50.0%,59,8.4,1,12,0.4,3.7,0
319,De'Anthony Thomas\ThomDe05,KAN,23,,12,0,9,7,77.8%,35,5.0,0,15,0.6,2.9,0
320,Keenan Allen\AlleKe00,SDG,24,wr,1,1,7,6,85.7%,63,10.5,0,15,6.0,63.0,0
321,Demarcus Ayers\AyerDe00,PIT,22,wr,2,1,13,6,46.2%,53,8.8,1,15,3.0,26.5,0
322,Nick Boyle\BoylNi00,BAL,23,,6,0,6,6,100.0%,44,7.3,0,20,1.0,7.3,0
323,Alan Cross\CrosAl00,TAM,23,,14,0,10,6,60.0%,38,6.3,1,10,0.4,2.7,0
324,Alex Erickson\EricAl01,CIN,24,,16,0,8,6,75.0%,71,11.8,0,20,0.4,4.4,3
325,Jerome Felton\FeltJe00,BUF,30,fb,15,4,9,6,66.7%,57,9.5,0,22,0.4,3.8,0
326,Arian Foster\FostAr00,MIA,30,rb,4,2,10,6,60.0%,78,13.0,0,50,1.5,19.5,1
327,Darrius Heyward-Bey\HeywDa00,PIT,29,,10,0,19,6,31.6%,114,19.0,2,46,0.6,11.4,0
328,Rashard Higgins\HiggRa00,CLE,22,,16,0,12,6,50.0%,77,12.8,0,19,0.4,4.8,0
329,Wendell Smallwood\SmalWe00,PHI,22,rb,13,3,13,6,46.2%,55,9.2,0,18,0.5,4.2,1
330,Antone Smith\SmitAn01,TAM,31,,3,0,9,6,66.7%,77,12.8,0,30,2.0,25.7,2
331,Lee Smith\SmitLe00,OAK,29,te,4,4,6,6,100.0%,29,4.8,0,12,1.5,7.3,0
332,C.J. Spiller\SpilC.00,2TM,29,,6,0,13,6,46.2%,50,8.3,1,24,1.0,8.3,1
333,Geoff Swaim\SwaiGe00,DAL,25,te,9,6,8,6,75.0%,69,11.5,0,28,0.7,7.7,0
334,Danny Woodhead\WoodDa02,SDG,31,rb,2,1,8,6,75.0%,35,5.8,1,12,3.0,17.5,0
335,Ameer Abdullah\AbduAm00,DET,23,rb,2,2,5,5,100.0%,57,11.4,1,18,2.5,28.5,0
336,Peyton Barber\BarbPe01,TAM,22,rb,15,1,6,5,83.3%,28,5.6,0,11,0.3,1.9,0
337,Kenjon Barner\BarnKe00,PHI,27,,13,0,11,5,45.5%,42,8.4,0,15,0.4,3.2,0
338,Arrelious Benn\BennAr00,JAX,28,,15,0,10,5,50.0%,116,23.2,1,51,0.3,7.7,0
339,Ka'Deem Carey\CareKa00,CHI,24,,12,0,7,5,71.4%,55,11.0,0,16,0.4,4.6,0
340,Knile Davis\DaviKn00,2TM,25,,11,0,7,5,71.4%,25,5.0,0,11,0.5,2.3,0
341,Rashad Greene\GreeRa00,JAX,24,,8,0,8,5,62.5%,32,6.4,0,9,0.6,4.0,4
342,Andy Janovich\JanoAn00,DEN,23,fb,11,5,7,5,71.4%,44,8.8,0,13,0.5,4.0,0
343,Malcolm Johnson\JohnMa06,CLE,24,fb,7,1,7,5,71.4%,44,8.8,0,21,0.7,6.3,1
344,T.J. Jones\JoneT.00,DET,24,,3,0,14,5,35.7%,93,18.6,0,36,1.7,31.0,0
345,Marcel Reece\ReecMa00,SEA,31,,4,0,5,5,100.0%,73,14.6,0,31,1.3,18.3,0
346,Luke Stocker\StocLu00,TAM,28,TE,12,10,8,5,62.5%,23,4.6,0,11,0.4,1.9,0
347,Nick Williams\WillNi02,ATL,26,,2,0,7,5,71.4%,59,11.8,0,19,2.5,29.5,0
348,Blake Bell\BellBl00,SFO,25,,13,0,9,4,44.4%,85,21.3,0,45,0.3,6.5,0
349,Ben Braunecker\BrauBe00,CHI,22,te,13,2,6,4,66.7%,41,10.3,0,14,0.3,3.2,0
350,Gavin Escobar\EscoGa00,DAL,25,te,16,1,7,4,57.1%,30,7.5,1,14,0.3,1.9,0
