A,PASSTD,Name,RECYDS,RUSHTD,Rank,PPRPTS,C,RUSH,RUSHYDS,PASSYDS,Position,REC,RECTD,INT,Team
0,0,Antonio Brown,1743.6,0.1,1,373.9,0,3.9,25,0,WR,131.7,10.1,0,Pit
0,0,Odell Beckham Jr.,1501.9,0,2,306.1,0,0,0,0,WR,100.5,9.4,0,NYG
0,0,Adrian Peterson,222.7,9.9,3,253.8,0,306.3,1454.9,0,RB,28.8,0.8,0,Min
0,0,Julio Jones,1758.6,0,4,343.9,0,0,0,0,WR,126.3,7.4,0,Atl
0,0,Todd Gurley,311.2,10.7,5,266.9,0,307,1327.8,0,RB,38.4,0.9,0,LA
0,0,Ezekiel Elliott,435.3,8.2,6,269.4,0,265.7,1183.8,0,RB,51.1,1.9,0,Dal
0,0,DeAndre Hopkins,1458.9,0,7,301.1,0,0,0,0,WR,103.1,8.9,0,Hou
0,0,David Johnson,520.7,8.7,8,283.4,0,271.3,1118.3,0,RB,57.2,2.6,0,Ari
0,0,Devonta Freeman,548.1,7,9,273.1,0,241.9,970.7,0,RB,68.8,2.3,0,Atl
0,0,Dez Bryant,1186.4,0,10,258.9,0,0,0,0,WR,82.6,9.8,0,Dal
0,0,Rob Gronkowski,1124.6,0,11,247.7,0,0,0,0,TE,76.8,9.7,0,NE
0,0,Le'Veon Bell,448.8,6.2,12,240.8,0,206.6,929.4,0,RB,52.4,2.3,0,Pit
0,0,Allen Robinson,1212.9,0,13,245.8,0,0,0,0,WR,75.9,8.2,0,Jax
0,0,Lamar Miller,319.1,6.2,14,245.8,0,278.5,1289.8,0,RB,43.2,1.3,0,Hou
0,0,A.J. Green,1254.7,0,15,260.9,0,0,0,0,WR,85.3,8.5,0,Cin
0,0,Doug Martin,244.5,6.3,16,214.9,0,269.5,1199.6,0,RB,31.8,1,0,TB
0,0,Jordy Nelson,1319.1,0,17,272.7,0,0,0,0,WR,87.5,9.1,0,GB
0,0,Mark Ingram,390.3,8.6,18,257.4,0,236.2,1026.9,0,RB,56.2,1.8,0,NO
0,0,Brandon Marshall,1253.1,0,19,269.8,0,0,0,0,WR,95.8,8.4,0,NYJ
0,0,Thomas Rawls,174.1,6.1,20,198.6,0,250.7,1180.6,0,RB,21.5,1.2,0,Sea
0,0,Sammy Watkins,1161.4,0.1,21,235.6,0,2.3,14.2,0,WR,73.1,7.4,0,Buf
0,0,Eddie Lacy,234.8,6.6,22,200.4,0,239.9,1058.3,0,RB,29.3,1.3,0,GB
0,0,Alshon Jeffery,1325.8,0,23,273.9,0,0,0,0,WR,92.1,8.4,0,Chi
0,0,Mike Evans,1195.3,0,24,250.0,0,0,0,0,WR,80.4,8.5,0,TB
0,0,Jamaal Charles,385,8.6,25,260.4,0,224.9,1190.4,0,RB,46,2.2,0,KC
0,0,Brandin Cooks,1063.1,0.3,26,239.6,0,7.9,48.7,0,WR,88.1,6.7,0,NO
0,0,LeSean McCoy,344.9,8.6,27,262.9,0,280.8,1235.9,0,RB,46.6,1.7,0,Buf
0,0,Jordan Reed,918.1,0,28,227.8,0,0,0,0,TE,89.1,8.2,0,Wsh
0,0,Amari Cooper,1085.4,0,29,233.3,0,0,0,0,WR,82.5,7.1,0,Oak
0,0,Demaryius Thomas,1094.2,0,30,231.0,0,0,0,0,WR,84.3,6.4,0,Den
0,0,Keenan Allen,1205.4,0,31,264.8,0,0,0,0,WR,106,6.4,0,SD
0,0,Jonathan Stewart,148.2,5.8,32,173.8,0,238.3,1043.9,0,RB,20,0.6,0,Car
0,0,Carlos Hyde,267.4,6.9,33,214.0,0,263,1054,0,RB,37.4,1,0,SF
0,0,Matt Forte,394.2,5.1,34,216.4,0,220.6,923.4,0,RB,47.6,1.5,0,NYJ
524.9,28.1,Cam Newton,0,5.7,35,335.3,303.8,125.6,682.3,3781,QB,0,0,13.2,Car
0,0,T.Y. Hilton,1166.4,0,36,231.7,0,1.9,11.8,0,WR,73.4,6.9,0,Ind
0,0,Kelvin Benjamin,896.8,0,37,206.6,0,0,0,0,WR,66.7,8.5,0,Car
0,0,Julian Edelman,1009.9,0.2,38,244.6,0,8,49.6,0,WR,94.4,7.4,0,NE
0,0,Doug Baldwin,1006.2,0,39,218.4,0,0,0,0,WR,75.4,7.2,0,Sea
0,0,C.J. Anderson,238.3,6.7,40,208.5,0,240.5,1129.8,0,RB,29.6,0.9,0,Den
0,0,Dion Lewis,582.2,2.7,41,192.6,0,95.8,413.6,0,RB,65.6,2.5,0,NE
0,0,Jarvis Landry,1011,0.3,42,246.4,0,15.2,82.6,0,WR,102.1,5.5,0,Mia
0,0,Jeremy Maclin,1097.1,0.2,43,224.2,0,3.9,24.7,0,WR,81.9,5.2,0,KC
0,0,Randall Cobb,940.1,0.3,44,227.2,0,16,108,0,WR,79.2,6.9,0,GB
0,0,Eric Decker,1121,0,45,246.7,0,0,0,0,WR,85.6,8.2,0,NYJ
0,0,Golden Tate,1059.2,0.2,46,233.1,0,7.2,45.8,0,WR,89.3,5.5,0,Det
0,0,Emmanuel Sanders,1045.7,0.1,47,208.7,0,4.4,27.7,0,WR,75.1,4.4,0,Den
0,0,Greg Olsen,957.3,0,48,208.6,0,0,0,0,TE,75.3,6.4,0,Car
562.7,32.6,Aaron Rodgers,0,1.5,49,311.6,354.7,51.2,238.3,4235.7,QB,0,0,7.7,GB
475.6,29.3,Russell Wilson,0,2.4,50,302.1,297.6,95.6,494.7,3689.2,QB,0,0,10.1,Sea
0,0,Michael Floyd,941.6,0,51,194.6,0,0,0,0,WR,59.8,6.8,0,Ari
0,0,DeVante Parker,945.3,0,52,192.8,0,0,0,0,WR,64.9,5.7,0,Mia
0,0,Larry Fitzgerald,949.3,0,53,218.1,0,0,0,0,WR,82.8,7,0,Ari
0,0,Donte Moncrief,904.9,0,54,206.9,0,0,0,0,WR,72.6,7.5,0,Ind
0,0,Jeremy Hill,147.5,6.9,55,163.0,0,211,875.3,0,RB,19.7,0.8,0,Cin
0,0,Latavius Murray,219.3,5,56,173.7,0,205.8,865.6,0,RB,30.7,1.5,0,Oak
0,0,Ryan Mathews,186.5,5.8,57,169.6,0,204.2,934.5,0,RB,25.4,0.5,0,Phi
0,0,Jeremy Langford,324.2,5.4,58,178.5,0,184.9,738.6,0,RB,36.4,1.2,0,Chi
0,0,DeMarco Murray,200.5,7.3,59,179.7,0,200.7,886.3,0,RB,26.6,0.6,0,Ten
0,0,Delanie Walker,860.4,0,60,188.0,0,0,0,0,TE,70.6,5.2,0,Ten
606.6,32.6,Andrew Luck,0,1.6,61,291.7,351.3,64.8,265,4207.3,QB,0,0,18.8,Ind
0,0,Matt Jones,335.2,5.8,62,195.8,0,240,942.2,0,RB,34.4,1.4,0,Wsh
0,0,Justin Forsett,205.6,4,63,174.3,0,198.6,956.1,0,RB,30.6,0.8,0,Bal
0,0,T.J. Yeldon,273,3.5,64,154.5,0,158.8,659.6,0,RB,35.2,1.5,0,Jax
0,0,DeAngelo Williams,116.1,3.1,65,106.3,0,129.7,597.7,0,RB,16.1,0.5,0,Pit
0,0,Melvin Gordon,188.1,3.8,66,158.1,0,237.7,913.7,0,RB,28.4,1,0,SD
0,0,Duke Johnson Jr.,416.3,3.8,67,187.0,0,160.2,634,0,RB,52.2,1.6,0,Cle
655.5,31.4,Drew Brees,0,0.9,68,290.5,438.9,21.7,35.2,4767.2,QB,0,0,15.5,NO
574.9,28.9,Ben Roethlisberger,0,0.7,69,283.8,376.2,27.7,66.5,4569.7,QB,0,0,13,Pit
0,0,John Brown,959.6,0.1,70,197.3,0,4.3,26.6,0,WR,63.6,6,0,Ari
0,0,Jordan Matthews,973,0,71,212.8,0,0,0,0,WR,80.9,6,0,Phi
0,0,DeSean Jackson,965.3,0,72,176.8,0,0,0,0,WR,54.6,4.3,0,Wsh
0,0,Danny Woodhead,654.1,2.2,73,212.5,0,95.8,362.9,0,RB,74.1,4,0,SD
0,0,Frank Gore,272.7,5.5,74,189.9,0,228.6,924.3,0,RB,32.1,1.4,0,Ind
0,0,Rashad Jennings,254,5,75,176.5,0,202.5,858.6,0,RB,32,1,0,NYG
0,0,Giovani Bernard,424.7,4,76,186.3,0,144.8,622.5,0,RB,51.4,1.4,0,Cin
0,0,Ameer Abdullah,288.4,4.6,77,173.5,0,186.2,792.8,0,RB,36.2,1.2,0,Det
557.5,29.5,Carson Palmer,0,1,78,261.1,339.6,24.9,49.2,4253.5,QB,0,0,16,Ari
470.8,25.5,Tom Brady,0,1.5,79,229.2,298.4,27.8,21.9,3324.7,QB,0,0,6.9,NE
0,0,Allen Hurns,800.1,0,80,171.3,0,0,0,0,WR,58,5.7,0,Jax
0,0,Michael Crabtree,873.8,0.1,81,210.8,0,3.7,23.1,0,WR,77,7.4,0,Oak
0,0,Tyler Lockett,728,0.1,82,162.2,0,4.6,28.4,0,WR,51.2,5.2,0,Sea
0,0,Josh Gordon,744,0,83,144.4,0,0,0,0,WR,47.6,3.8,0,Cle
0,0,Marvin Jones,984.2,0,84,203.8,0,0,0,0,WR,71.9,5.7,0,Det
0,0,Kevin White,935.4,0,85,191.1,0,0,0,0,WR,64.6,5.6,0,Chi
0,0,Stefon Diggs,703.8,0.1,86,152.2,0,4.4,27.8,0,WR,56.9,3.9,0,Min
0,0,Sterling Shepard,895.5,0,87,192.4,0,0,0,0,WR,71.7,5.2,0,NYG
610.2,30.7,Eli Manning,0,0.4,88,273.1,382.6,20.8,37.7,4575.8,QB,0,0,15.6,NYG
568.8,28.5,Blake Bortles,0,1.1,89,257.2,322.5,50.7,262.4,3817,QB,0,0,15.9,Jax
618.6,28.1,Philip Rivers,0,0.4,90,266.1,406.8,22.9,61.2,4498.1,QB,0,0,15.3,SD
0,0,Tyler Eifert,688.5,0,91,163.1,0,0,0,0,TE,60.3,5.8,0,Cin
0,0,Travis Kelce,865.2,0,92,194.6,0,0,0,0,TE,79.4,5.2,0,KC
0,0,Coby Fleener,851,0,93,201.9,0,0,0,0,TE,74,7.1,0,NO
0,0,Chris Ivory,141.7,4.5,94,136.6,0,167.7,738.9,0,RB,20,0.8,0,Jax
0,0,Jay Ajayi,96.2,4,95,95.1,0,125.3,481.2,0,RB,13,0.4,0,Mia
0,0,Torrey Smith,903.2,0,96,168.2,0,0,0,0,WR,52.8,4.2,0,SF
0,0,Willie Snead,866.1,0,97,179.9,0,0,0,0,WR,68.1,4.4,0,NO
0,0,Dorial Green-Beckham,572.5,0,98,118.7,0,0,0,0,WR,39.2,3.8,0,Ten
0,0,Laquon Treadwell,847,0,99,172.7,0,0,0,0,WR,62.4,4.4,0,Min
0,0,Vincent Jackson,775.8,0,100,160.7,0,0,0,0,WR,51.5,5.4,0,TB
0,0,Derrick Henry,146.7,6.6,101,140.5,0,158,688.5,0,RB,18,0.6,0,Ten
0,0,LeGarrette Blount,32.8,6.4,102,135.8,0,207.6,914.4,0,RB,4.4,0.2,0,NE
0,0,Arian Foster,280.2,4.4,103,163.9,0,163.2,700.1,0,RB,34.3,1.4,0,Mia
0,0,Theo Riddick,627.5,1.9,104,186.5,0,64.4,240.1,0,RB,71.5,3.1,0,Det
0,0,Tevin Coleman,170.1,3.6,105,112.2,0,117,496.9,0,RB,23.3,0.6,0,Atl
0,0,Charles Sims,455.5,2.8,106,169.2,0,106.2,438.3,0,RB,54.8,2,0,TB
0,0,Jordan Howard,59,4.3,107,88.5,0,125.6,505.8,0,RB,7.9,0.2,0,Chi
0,0,Bilal Powell,283.8,1.7,108,119.1,0,102.1,409,0,RB,36.2,1.1,0,NYJ
0,0,Gary Barnidge,813.6,0,109,178.5,0,0,0,0,TE,63.9,5.7,0,Cle
0,0,Ladarius Green,743.5,0,110,166.8,0,0,0,0,TE,58.8,5.5,0,Pit
0,0,Zach Ertz,850.6,0,111,190.6,0,0,0,0,TE,72.4,5.6,0,Phi
0,0,Corey Coleman,818.3,0.1,112,175.8,0,3.9,24.8,0,WR,66.7,4.2,0,Cle
0,0,Travis Benjamin,780.5,0,113,158.4,0,0,0,0,WR,52.5,4.2,0,SD
0,0,Michael Thomas,776.6,0,114,171.8,0,0,0,0,WR,58.7,6.1,0,NO
0,0,Tavon Austin,652.9,1.1,115,171.9,0,29.8,173,0,WR,66,2.5,0,LA
0,0,Markus Wheaton,721.9,0.1,116,154.8,0,3.9,25,0,WR,53.3,4.3,0,Pit
0,0,Will Fuller,654.5,0.1,117,133.8,0,4.4,28,0,WR,43.3,3.9,0,Hou
0,0,Steve Smith Sr.,816.3,0,118,163.4,0,0,0,0,WR,58.2,4.1,0,Bal
0,0,Breshad Perriman,587.5,0,119,121.4,0,0,0,0,WR,40.7,3.8,0,Bal
0,0,Mike Wallace,491.3,0.1,120,108.2,0,2.1,13.2,0,WR,37.5,3.5,0,Bal
0,0,Phillip Dorsett,630.1,0.2,121,145.6,0,7.5,47.1,0,WR,48.2,4.9,0,Ind
0,0,Josh Doctson,556.9,0,122,120.7,0,0,0,0,WR,40.9,4.2,0,Wsh
0,0,Charcandrick West,80.8,2.9,123,62.7,0,63.1,252.5,0,RB,10.9,0.3,0,KC
0,0,Isaiah Crowell,116.8,4.7,124,131.0,0,181.8,741.9,0,RB,15.2,0.5,0,Cle
0,0,Devontae Booker,109.7,3.1,125,84.3,0,96.2,408.4,0,RB,14.8,0.4,0,Den
0,0,C.J. Prosise,274.3,2.3,126,118.1,0,91.2,386.2,0,RB,33.1,1.3,0,Sea
0,0,Nelson Agholor,614.4,0,127,132.6,0,0,0,0,WR,49.9,3.7,0,Phi
0,0,Mohamed Sanu,678.8,0.2,128,151.9,0,5.9,36.6,0,WR,57.3,3.9,0,Atl
0,0,James Starks,159.6,2.1,129,100.8,0,116,506.3,0,RB,20.8,0.8,0,GB
0,0,Darren Sproles,399.1,1.9,130,137.9,0,57.9,289.6,0,RB,48.3,1.3,0,Phi
452.5,21.4,Tyrod Taylor,0,4.2,131,265.8,275.6,111.9,576.6,3262.3,QB,0,0,12.1,Buf
486.6,27.2,Tony Romo,0,0.6,132,245.2,326.1,26,56,3846.8,QB,0,0,11.4,Dal
592.5,29,Kirk Cousins,0,1.4,133,276.3,384,38.6,82.6,4500.4,QB,0,0,13.3,Wsh
593.6,30.8,Derek Carr,0,0.7,134,253.3,354.8,30.5,81.4,3843.7,QB,0,0,13.6,Oak
0,0,Kenneth Dixon,222.4,2.2,135,100.0,0,82.7,353.2,0,RB,25.9,0.9,0,Bal
0,0,Julius Thomas,666.6,0,136,162.6,0,0,0,0,TE,61.8,5.8,0,Jax
0,0,Antonio Gates,707.8,0,137,166.7,0,0,0,0,TE,60.9,5.9,0,SD
0,0,Zach Miller,657,0,138,152.6,0,0,0,0,TE,60.7,4.5,0,Chi
0,0,Martellus Bennett,516.1,0,139,128.9,0,0,0,0,TE,52.3,4.4,0,NE
0,0,Austin Seferian-Jenkins,500.1,0,140,115.9,0,0,0,0,TE,40.7,4.2,0,TB
0,0,Seahawks D/ST,0,0,141,116.3,0,0,0,0,D/ST,0,0,0,/S
0,0,Panthers D/ST,0,0,142,124.0,0,0,0,0,D/ST,0,0,0,/S
0,0,Bengals D/ST,0,0,143,122.8,0,0,0,0,D/ST,0,0,0,/S
0,0,Texans D/ST,0,0,144,115.2,0,0,0,0,D/ST,0,0,0,/S
0,0,Chiefs D/ST,0,0,145,115.9,0,0,0,0,D/ST,0,0,0,/S
0,0,Broncos D/ST,0,0,146,110.3,0,0,0,0,D/ST,0,0,0,/S
0,0,Cardinals D/ST,0,0,147,121.9,0,0,0,0,D/ST,0,0,0,/S
0,0,Stephen Gostkowski,0,0,148,146.7,0,0,0,0,K,0,0,0,NE
0,0,Jets D/ST,0,0,149,116.6,0,0,0,0,D/ST,0,0,0,/S
0,0,Packers D/ST,0,0,150,121.3,0,0,0,0,D/ST,0,0,0,/S
0,0,Raiders D/ST,0,0,151,111.5,0,0,0,0,D/ST,0,0,0,/S
0,0,Steven Hauschka,0,0,152,140.4,0,0,0,0,K,0,0,0,Sea
0,0,Dan Bailey,0,0,153,136.2,0,0,0,0,K,0,0,0,Dal
0,0,Justin Tucker,0,0,154,132.1,0,0,0,0,K,0,0,0,Bal
0,0,Adam Vinatieri,0,0,155,145.1,0,0,0,0,K,0,0,0,Ind
0,0,Mason Crosby,0,0,156,132.3,0,0,0,0,K,0,0,0,GB
0,0,Josh Brown,0,0,157,135.8,0,0,0,0,K,0,0,0,NYG
0,0,Graham Gano,0,0,158,131.1,0,0,0,0,K,0,0,0,Car
0,0,Blair Walsh,0,0,159,135.7,0,0,0,0,K,0,0,0,Min
0,0,Chandler Catanzaro,0,0,160,125.6,0,0,0,0,K,0,0,0,Ari
0,0,Jerick McKinnon,269.7,2.6,161,120.6,0,87.5,395.5,0,RB,35.5,1,0,Min
0,0,Paul Perkins,33.4,2.6,162,67.8,0,105.3,455,0,RB,4.4,0.2,0,NYG
0,0,Tyler Ervin,166.5,2.2,163,90.3,0,88.4,365,0,RB,20,0.7,0,Hou
0,0,Kenyan Drake,222.1,0.8,164,75.0,0,45.6,179.6,0,RB,25.7,1,0,Mia
0,0,Tyler Boyd,489.4,0.2,165,114.3,0,8.3,52.2,0,WR,40,3.1,0,Cin
0,0,Pierre Garcon,707.3,0,166,157.4,0,0,0,0,WR,59.9,4.6,0,Wsh
0,0,Kendall Wright,572.9,0.1,167,119.5,0,4.3,27.1,0,WR,46.9,2.2,0,Ten
0,0,Anquan Boldin,580,0,168,120.0,0,0,0,0,WR,44,3,0,Det
488,18.9,Marcus Mariota,0,1.9,169,231.4,304.6,69.4,417.7,3552.7,QB,0,0,13.5,Ten
616,25.2,Matthew Stafford,0,1.7,170,272.3,399.8,39.1,134.5,4468.1,QB,0,0,13.5,Det
533.8,25.7,Andy Dalton,0,2.7,171,268.5,336.9,62.2,230.3,3931.7,QB,0,0,13.5,Cin
0,0,Keith Marshall,32.2,2.1,172,53.4,0,77.4,340,0,RB,4.3,0.1,0,Wsh
0,0,DeAndre Washington,155,1.8,173,86.5,0,95.1,390.4,0,RB,18.6,0.8,0,Oak
0,0,Jimmy Graham,629.1,0,174,154.8,0,0,0,0,TE,51.5,6.9,0,Sea
0,0,Eric Ebron,633.4,0,175,148.0,0,0,0,0,TE,57.2,4.7,0,Det
0,0,Shane Vereen,449.6,1.6,176,146.8,0,60.8,262.1,0,RB,50.7,2.8,0,NYG
0,0,Wendell Smallwood,93.3,2.4,177,66.2,0,71.7,291.8,0,RB,12.5,0.4,0,Phi
0,0,Spencer Ware,26.9,3.5,178,56.5,0,67.1,306.9,0,RB,3.6,0.1,0,KC
0,0,Terrance Williams,692.1,0,179,140.6,0,0,0,0,WR,41.7,4.9,0,Dal
0,0,Victor Cruz,558.5,0,180,114.5,0,0,0,0,WR,40,3.3,0,NYG
0,0,Devin Funchess,634.1,0.1,181,144.2,0,4.8,29.9,0,WR,46.2,5.4,0,Car
0,0,Sammie Coates,581.3,0,182,128.2,0,0,0,0,WR,45.2,4.1,0,Pit
0,0,Leonte Carroo,412,0,183,83.4,0,0,0,0,WR,29.1,2.2,0,Mia
0,0,Shaun Draughn,245.5,1.9,184,104.7,0,85.5,322.4,0,RB,33.3,0.8,0,SF
0,0,Ted Ginn Jr.,424.8,0.1,185,91.2,0,4.8,29.9,0,WR,28.5,2.6,0,Car
0,0,Chris Hogan,594.2,0.1,186,142.7,0,2,12.4,0,WR,52.2,5.1,0,NE
0,0,Rishard Matthews,642.3,0,187,133.5,0,0,0,0,WR,51.2,3.1,0,Ten
0,0,Jason Witten,756.4,0,188,178.9,0,0,0,0,TE,71.6,5.4,0,Dal
0,0,Patriots D/ST,0,0,189,89.2,0,0,0,0,D/ST,0,0,0,/S
0,0,Vikings D/ST,0,0,190,95.6,0,0,0,0,D/ST,0,0,0,/S
0,0,Matt Prater,0,0,191,125.2,0,0,0,0,K,0,0,0,Det
0,0,Roberto Aguayo,0,0,192,140.9,0,0,0,0,K,0,0,0,TB
544.8,26,Jameis Winston,0,2.8,193,262.1,313.4,59.3,259,3799.5,QB,0,0,15.4,TB
511.9,23.4,Ryan Fitzpatrick,0,1.7,194,239.0,310.6,53.3,233.2,3609.4,QB,0,0,14.3,NYJ
585.4,23.6,Ryan Tannehill,0,1,195,246.1,361.4,35.8,135.8,4114.9,QB,0,0,11.9,Mia
0,0,Stevie Johnson,509.2,0,196,110.8,0,0,0,0,WR,42.2,3.1,0,SD
0,0,Jordan Cameron,569.6,0,197,127.7,0,0,0,0,TE,47.2,4.1,0,Mia
0,0,Jermaine Kearse,537.3,0,198,117.0,0,0,0,0,WR,36.3,4.6,0,Sea
0,0,Tim Hightower,73,3.1,199,68.6,0,82.7,329.3,0,RB,10,0.3,0,NO
0,0,Andre Ellington,140.8,1.2,200,57.7,0,43.1,177.5,0,RB,16.3,0.7,0,Ari
0,0,Chris Johnson,15.1,1.9,201,50.2,0,90.4,369.3,0,RB,2.1,0.1,0,Ari
0,0,Alfred Morris,29.8,1.6,202,44.2,0,68.7,288.1,0,RB,4,0.1,0,Dal
0,0,Darren McFadden,108.6,2.2,203,72.6,0,84.2,348.5,0,RB,13.7,0.4,0,Dal
0,0,Karlos Williams,54.3,2.7,204,63.3,0,76.6,355.6,0,RB,7.4,0.2,0,Buf
0,0,Javorius Allen,134.7,2.7,205,83.4,0,86.9,351.7,0,RB,17.2,0.5,0,Bal
0,0,C.J. Spiller,272.4,0.5,206,88.4,0,31.5,148,0,RB,37,1.1,0,NO
0,0,Cameron Artis-Payne,55.4,1.4,207,44.4,0,57.2,232.6,0,RB,7.4,0.3,0,Car
0,0,Alex Collins,13.3,1.3,208,25.3,0,41,157.4,0,RB,1.8,0.1,0,Sea
0,0,Dwayne Allen,539,0,209,134.4,0,0,0,0,TE,49.1,5.4,0,Ind
0,0,Charles Clay,613.2,0,210,144.2,0,0,0,0,TE,57.5,4.3,0,Buf
0,0,Kenny Britt,755.9,0,211,141.3,0,0,0,0,WR,45.7,3.5,0,LA
0,0,Albert Wilson,503.5,0.2,212,109.0,0,3.9,24.7,0,WR,40.6,2.6,0,KC
0,0,Chris Conley,383.2,0,213,87.6,0,0,0,0,WR,34.5,2.5,0,KC
0,0,Jeff Janis,185.3,0,214,37.8,0,0,0,0,WR,9.8,1.6,0,GB
0,0,Ty Montgomery,229.6,0.2,215,64.5,0,8,50.8,0,WR,25.3,1.8,0,GB
0,0,Davante Adams,374.9,0,216,90.0,0,0,0,0,WR,33,3.4,0,GB
0,0,Kamar Aiken,613.2,0,217,132.7,0,0,0,0,WR,49.5,3.7,0,Bal
0,0,Robert Woods,552.5,0.1,218,125.1,0,2.3,14.2,0,WR,47,3.7,0,Buf
0,0,Justin Hardy,406,0,219,97.1,0,0,0,0,WR,42.7,2.4,0,Atl
0,0,Jaelen Strong,555,0,220,127.4,0,0,0,0,WR,47.2,4.2,0,Hou
0,0,Bills D/ST,0,0,221,111.6,0,0,0,0,D/ST,0,0,0,/S
0,0,Rams D/ST,0,0,222,109.8,0,0,0,0,D/ST,0,0,0,/S
0,0,Chris Boswell,0,0,223,138.3,0,0,0,0,K,0,0,0,Pit
0,0,Cairo Santos,0,0,224,123.6,0,0,0,0,K,0,0,0,KC
617.4,22.1,Matt Ryan,0,0.7,225,239.3,408.6,30.9,95.5,4474.2,QB,0,0,16.6,Atl
546,25.1,Brock Osweiler,0,1.5,226,246.7,335.4,51,119.8,4002.6,QB,0,0,14.4,Hou
0,0,Clive Walford,523.5,0,227,132.1,0,0,0,0,TE,47.4,5.5,0,Oak
0,0,Rueben Randle,455.1,0,228,92.4,0,0,0,0,WR,32.6,2.4,0,Phi
0,0,DeAndre Smelter,171.3,0,229,34.6,0,0,0,0,WR,12.9,0.8,0,SF
0,0,Kenny Stills,365.7,0,230,70.8,0,0,0,0,WR,24.6,1.7,0,Mia
0,0,Jamison Crowder,441.8,0,231,109.8,0,1.9,12.4,0,WR,47.1,2.8,0,Wsh
0,0,Braxton Miller,237.5,0.2,232,58.2,0,8.8,55.9,0,WR,22.1,1.2,0,Hou
0,0,Devin Smith,298.9,0,233,59.2,0,0,0,0,WR,18,2,0,NYJ
0,0,Malcolm Mitchell,133.7,0,234,29.4,0,0,0,0,WR,10.4,1,0,NE
0,0,Ronnie Hillman,57.3,2.1,235,50.4,0,65.6,258.3,0,RB,7.4,0.2,0,Den
0,0,Khiry Robinson,30.3,1.3,236,38.9,0,57.2,236.8,0,RB,4.1,0.1,0,NYJ
0,0,Tre Mason,53.1,1,237,30.8,0,34.1,133.2,0,RB,6.8,0.1,0,LA
0,0,Ka'Deem Carey,88.4,2.3,238,70.8,0,87.2,361.7,0,RB,11.9,0.4,0,Chi
0,0,Chris Thompson,211.8,0.7,239,71.1,0,36.8,168.9,0,RB,25.5,0.8,0,Wsh
0,0,Benjamin Cunningham,171.4,0.5,240,51.0,0,17.1,70.1,0,RB,20.8,0.5,0,LA
0,0,Stevan Ridley,34.7,1.4,241,38.3,0,53.7,221.4,0,RB,4.5,0.1,0,Det
0,0,Zach Zenner,17.3,0.7,242,14.8,0,17.9,71.6,0,RB,2.2,0.1,0,Det
605.2,25.4,Joe Flacco,0,1.2,243,239.7,363.8,27.9,47.8,4111.3,QB,0,0,15.8,Bal
0,0,Benjamin Watson,317.3,0,244,75.3,0,0,0,0,TE,29.4,2.5,0,Bal
0,0,Jared Cook,471.5,0,245,109.6,0,0,0,0,TE,37.8,4.2,0,GB
0,0,Alfred Blue,30.2,0.6,246,21.4,0,26.5,104.5,0,RB,4.1,0.1,0,Hou
0,0,Josh Ferguson,164.2,1.4,247,83.6,0,86.2,344,0,RB,21.4,0.9,0,Ind
0,0,Dexter McCluster,157.8,0.6,248,52.4,0,21.3,90.1,0,RB,17.7,0.7,0,Ten
0,0,Brandon LaFell,523.8,0,249,110.2,0,0,0,0,WR,39.9,3.1,0,Cin
0,0,Rashard Higgins,234.6,0,250,48.4,0,0,0,0,WR,17.8,1.3,0,Cle
0,0,J.J. Nelson,317.4,0.1,251,61.2,0,2.2,13.3,0,WR,16.8,1.8,0,Ari
0,0,Quinton Patton,503,0,252,110.3,0,0,0,0,WR,44.7,2.6,0,SF
0,0,Colts D/ST,0,0,253,92.8,0,0,0,0,D/ST,0,0,0,/S
0,0,Jaguars D/ST,0,0,254,92.5,0,0,0,0,D/ST,0,0,0,/S
0,0,Robbie Gould,0,0,255,128.5,0,0,0,0,K,0,0,0,Chi
0,0,Brandon McManus,0,0,256,120.3,0,0,0,0,K,0,0,0,Den
0,0,Kyle Rudolph,501.3,0,257,122.9,0,0,0,0,TE,47.8,4.1,0,Min
0,0,Will Tye,364.2,0,258,93.5,0,0,0,0,TE,35.7,3.7,0,NYG
0,0,Hunter Henry,265,0,259,63.6,0,0,0,0,TE,24.6,2.2,0,SD
499.7,23.2,Jay Cutler,0,0.9,260,228.4,320,38.6,137.6,3804.4,QB,0,0,14.1,Chi
477,19.2,Teddy Bridgewater,0,2.2,261,221.7,310,46.4,214.8,3444.6,QB,0,0,10.6,Min
0,0,Cole Beasley,487.7,0,262,113.7,0,0,0,0,WR,48.3,3,0,Dal
0,0,Pharoh Cooper,407.4,0.1,263,84.7,0,4.3,26.4,0,WR,34,1.3,0,LA
0,0,Maxx Williams,318.9,0,264,81.1,0,0,0,0,TE,34.4,2.6,0,Bal
0,0,Richard Rodgers,227.5,0,265,59.5,0,0,0,0,TE,22.6,2.5,0,GB
493.5,19.9,Alex Smith,0,2.4,266,259.5,320.5,69.3,397.9,3601.3,QB,0,0,7.5,KC
487.6,13.5,Jared Goff,0,1.6,267,168.8,288.2,39,112.7,3235.6,QB,0,0,14.5,LA
139.5,4.8,Colin Kaepernick,0,0.6,268,63.6,80.1,24.9,139.4,924,QB,0,0,2.9,SF
447.2,16.7,Sam Bradford,0,1,269,174.8,278.8,23.3,60.5,3093.5,QB,0,0,10.1,Phi
384.3,15.3,Robert Griffin,0,1.5,270,190.5,244.3,59.5,356.3,2898.9,QB,0,0,9.6,Cle
0,0,Marqise Lee,178.8,0.2,271,46.2,0,7.4,47.1,0,WR,16,1.4,0,Jax
0,0,Seth Roberts,401.6,0,272,94.1,0,0,0,0,WR,34.4,3.3,0,Oak
0,0,Bruce Ellington,483.1,0,273,111.2,0,0,0,0,WR,46.1,2.5,0,SF
0,0,Eddie Royal,365,0.1,274,84.7,0,2.2,13.9,0,WR,34.3,2.2,0,Chi
0,0,TJ Jones,380.5,0,275,76.8,0,0,0,0,WR,27.7,1.8,0,Det
0,0,Branden Oliver,33.5,0.7,276,26.6,0,38.3,149.4,0,RB,4.6,0.1,0,SD
0,0,James White,65.6,0.5,277,24.6,0,16,56.1,0,RB,8.8,0.3,0,NE
0,0,Mike Gillislee,27.3,1,278,24.2,0,32.5,128,0,RB,3.8,0.1,0,Buf
0,0,Christine Michael,13.3,0.5,279,15.2,0,22.8,96.1,0,RB,1.8,0.1,0,Sea
0,0,Denard Robinson,14.5,0.2,280,6.0,0,7.4,29.3,0,RB,1.9,0.1,0,Jax
0,0,Lance Dunbar,18.7,0.1,281,5.5,0,2.9,11.4,0,RB,2.5,0.1,0,Dal
0,0,Daniel Lasco,18.2,0.4,282,10.1,0,11.8,44.7,0,RB,2.5,0.1,0,NO
0,0,Fitzgerald Toussaint,58.6,0.7,283,28.5,0,25.3,100.9,0,RB,8,0.3,0,Pit
0,0,Kelvin Taylor,60.7,0.3,284,24.0,0,20.4,77.5,0,RB,8.2,0.2,0,SF
0,0,Ravens D/ST,0,0,285,103.6,0,0,0,0,D/ST,0,0,0,/S
0,0,Steelers D/ST,0,0,286,87.3,0,0,0,0,D/ST,0,0,0,/S
0,0,Matt Bryant,0,0,287,122.3,0,0,0,0,K,0,0,0,Atl
0,0,Nick Novak,0,0,288,121.8,0,0,0,0,K,0,0,0,Hou
0,0,Jace Amaro,326.1,0,289,82.3,0,0,0,0,TE,32.6,3,0,NYJ
0,0,Jeff Heuerman,356.7,0,290,82.8,0,0,0,0,TE,32.7,2.5,0,Den
0,0,Lance Kendricks,435.9,0,291,98.3,0,0,0,0,TE,41.6,2.3,0,LA
0,0,Jacob Tamme,469,0,292,107.5,0,0,0,0,TE,45.9,2.6,0,Atl
0,0,Vance McDonald,445.5,0,293,97.6,0,0,0,0,TE,37.3,2.7,0,SF
0,0,Kenny Bell,257.2,0,294,56.9,0,0,0,0,WR,21,1.8,0,TB
0,0,Rashad Greene,299.5,0,295,84.8,0,0,0,0,WR,34.9,2.8,0,Jax
303.7,10.8,Paxton Lynch,0,0.9,296,117.2,174.4,25.8,104.6,2034.7,QB,0,0,9.6,Den
0,0,Buccaneers D/ST,0,0,297,101.5,0,0,0,0,D/ST,0,0,0,/S
0,0,Bears D/ST,0,0,298,91.9,0,0,0,0,D/ST,0,0,0,/S
0,0,Lions D/ST,0,0,299,92.7,0,0,0,0,D/ST,0,0,0,/S
0,0,Redskins D/ST,0,0,300,84.5,0,0,0,0,D/ST,0,0,0,/S
0,0,Phil Dawson,0,0,301,110.2,0,0,0,0,K,0,0,0,SF
0,0,Sebastian Janikowski,0,0,302,116.6,0,0,0,0,K,0,0,0,Oak
--,--,Jay Feely,--,--,303,0,--,--,--,--,K,--,--,--,FA
--,--,Mike Vick,--,--,304,0,--,--,--,--,QB,--,--,--,Pit
--,--,Shayne Graham,--,--,305,0,--,--,--,--,K,--,--,--,Atl
101.3,3.8,Josh McCown,0,0.3,306,38.8,59,8.6,36,681,QB,0,0,2.7,Cle
--,--,Billy Cundiff,--,--,307,0,--,--,--,--,K,--,--,--,Cle
2.5,0.1,Shaun Hill,0,0,308,0.2,1.5,0.1,0.4,16.8,QB,0,0,0.1,Min
--,--,Andre Johnson,--,--,309,0,--,--,--,--,WR,--,--,--,Ten
--,--,Kellen Winslow,--,--,310,0,--,--,--,--,TE,--,--,--,NYJ
--,--,Steven Jackson,--,--,311,0,--,--,--,--,RB,--,--,--,NE
3,0.1,Matt Schaub,0,0,312,0.2,1.8,0.1,0.4,19.9,QB,0,0,0.1,Atl
3.1,0.1,Luke McCown,0,0,313,0.3,1.9,0.1,0.5,20.5,QB,0,0,0.1,NO
--,--,Jerricho Cotchery,--,--,314,0,--,--,--,--,WR,--,--,--,Car
0,0,Josh Scobee,0,0,315,123.0,0,0,0,0,K,0,0,0,NO
--,--,Wes Welker,--,--,316,0,--,--,--,--,WR,--,--,--,LA
--,--,Roddy White,--,--,317,0,--,--,--,--,WR,--,--,--,Atl
0,0,Mike Nugent,0,0,318,117.7,0,0,0,0,K,0,0,0,Cin
--,--,Alex Smith,--,--,319,0,--,--,--,--,TE,--,--,--,Wsh
3.1,0.1,Dan Orlovsky,0,0,320,0.2,1.9,0.1,0.5,20.7,QB,0,0,0.1,Det
2.7,0.1,Derek Anderson,0,0,321,0.4,1.6,0.1,0.4,17,QB,0,0,0.1,Car
15.5,0.6,Matt Cassel,0,0,322,5.1,9.3,0.9,3.5,104.2,QB,0,0,0.6,Ten
--,--,Joshua Cribbs,--,--,323,0,--,--,--,--,WR,--,--,--,Ind
0,0,Nate Washington,0,0,324,0.0,0,0,0,0,WR,0,0,0,NE
0,0,Shaun Suisham,0,0,325,0.0,0,0,0,0,K,0,0,0,Pit
--,--,Lance Moore,--,--,326,0,--,--,--,--,WR,--,--,--,Det
--,--,John Kuhn,--,--,327,0,--,--,--,--,RB,--,--,--,GB
--,--,Reggie Bush,--,--,328,0,--,--,--,--,RB,--,--,--,Buf
0,0,Vernon Davis,83,0,329,19.9,0,0,0,0,TE,7.6,0.7,0,Wsh
0,0,Marcedes Lewis,192.1,0,330,46.2,0,0,0,0,TE,15.7,1.9,0,Jax
0,0,Kellen Clemens,0,0,331,0.0,0,0,0,0,QB,0,0,0,SD
--,--,Greg Jennings,--,--,332,0,--,--,--,--,WR,--,--,--,Mia
0,0,Anthony Fasano,138,0,333,33.4,0,0,0,0,TE,12.6,1.3,0,Ten
0,0,Devin Hester,0,0,334,4.7,0,0,0,0,WR,0,0,0,Atl
--,--,Tarvaris Jackson,--,--,335,0,--,--,--,--,QB,--,--,--,Sea
--,--,Charlie Whitehurst,--,--,336,0,--,--,--,--,QB,--,--,--,Ind
--,--,Derek Hagan,--,--,337,0,--,--,--,--,WR,--,--,--,Ten
--,--,Owen Daniels,--,--,338,0,--,--,--,--,TE,--,--,--,Den
--,--,Jason Avant,--,--,339,0,--,--,--,--,WR,--,--,--,KC
0,0,Bruce Gradkowski,0,0,340,0.0,0,0,0,0,QB,0,0,0,Pit
--,--,Marques Colston,--,--,341,0,--,--,--,--,WR,--,--,--,NO
--,--,Miles Austin,--,--,342,0,--,--,--,--,WR,--,--,--,Phi
--,--,Fred Jackson,--,--,343,0,--,--,--,--,RB,--,--,--,Sea
--,--,Daniel Fells,--,--,344,0,--,--,--,--,TE,--,--,--,NYG
--,--,Calvin Johnson,--,--,345,0,--,--,--,--,WR,--,--,--,Det
--,--,Marshawn Lynch,--,--,346,0,--,--,--,--,RB,--,--,--,Sea
--,--,Dwayne Bowe,--,--,347,0,--,--,--,--,WR,--,--,--,Cle
16.3,0.8,Drew Stanton,0,0,348,6.5,9.2,0.9,3.6,107.3,QB,0,0,0.5,Ari
--,--,Jacoby Jones,--,--,349,0,--,--,--,--,WR,--,--,--,Pit
0,0,Matt Spaeth,22,0,350,5.3,0,0,0,0,TE,2,0.2,0,Pit
--,--,James Jones,--,--,351,0,--,--,--,--,WR,--,--,--,GB
--,--,Scott Chandler,--,--,352,0,--,--,--,--,TE,--,--,--,NE
0,0,Brent Celek,283.8,0,353,61.3,0,0,0,0,TE,22.7,1.8,0,Phi
0,0,Nick Folk,0,0,354,114.3,0,0,0,0,K,0,0,0,NYJ
--,--,Clark Harris,--,--,355,0,--,--,--,--,TE,--,--,--,Cin
--,--,Ahmad Bradshaw,--,--,356,0,--,--,--,--,RB,--,--,--,Ind
--,--,Pierre Thomas,--,--,357,0,--,--,--,--,RB,--,--,--,Wsh
0,0,Eric Weems,0,0,358,0.4,0,0,0,0,WR,0,0,0,Atl
2.9,0.1,Matt Moore,0,0,359,0.2,1.7,0.1,0.4,19,QB,0,0,0.1,Mia
0,0,Jerome Simpson,200.7,0,360,39.9,0,0,0,0,WR,14.7,0.9,0,SF
--,--,Fred Davis,--,--,361,0,--,--,--,--,TE,--,--,--,Wsh
--,--,Ray Rice,--,--,362,0,--,--,--,--,RB,--,--,--,FA
2.9,0.2,Chad Henne,0,0,363,0.4,1.7,0.1,0.4,18.6,QB,0,0,0.1,Jax
0,0,Harry Douglas,0,0,364,0.3,0,0,0,0,WR,0,0,0,Ten
0,0,Craig Stevens,70,0,365,15.2,0,0,0,0,TE,6.2,0.5,0,Ten
0,0,Andre Jerome Caldwell,0,0,366,0.0,0,0,0,0,WR,0,0,0,Det
0,0,Jerome Felton,11.8,0,367,3.2,0,0,0,0,RB,1.6,0.1,0,Buf
0,0,Matthew Slater,0,0,368,0.0,0,0,0,0,WR,0,0,0,NE
0,0,Kellen Davis,38.9,0,369,8.6,0,0,0,0,TE,3.6,0.3,0,NYJ
0,0,Josh Johnson,0,0,370,0.0,0,0,0,0,QB,0,0,0,Bal
--,--,Matt Flynn,--,--,371,0,--,--,--,--,QB,--,--,--,NO
--,--,Garrett Hartley,--,--,372,0,--,--,--,--,K,--,--,--,Pit
0,0,Mike Tolbert,125,3,373,69.6,0,57.2,209.6,0,RB,15.4,0.9,0,Car
0,0,Danny Amendola,133.7,0.1,374,31.9,0,2,12.4,0,WR,10.4,1,0,NE
0,0,Dan Carpenter,0,0,375,118.8,0,0,0,0,K,0,0,0,Buf
0,0,Matthew Mulligan,0,0,376,0.0,0,0,0,0,TE,0,0,0,Det
0,0,Marcel Reece,86.2,0.3,377,28.7,0,8.2,26.9,0,RB,12,0.8,0,Oak
0,0,Connor Barth,0,0,378,114.1,0,0,0,0,K,0,0,0,NO
37,1.5,Chase Daniel,0,0.1,379,15.1,22.7,3.5,14.2,247,QB,0,0,0.8,Phi
--,--,Josh Freeman,--,--,380,0,--,--,--,--,QB,--,--,--,Ind
38.3,1.6,Brian Hoyer,0,0,381,14.7,22,0.6,2.5,284.9,QB,0,0,1.2,Chi
205.6,7.4,Mark Sanchez,0,0.5,382,75.3,121.2,14.3,57.7,1408.3,QB,0,0,8.1,Den
0,0,Donald Brown,0,0,383,0.0,0,0,0,0,RB,0,0,0,NE
0,0,David Johnson,0,0,384,0.0,0,0,0,0,TE,0,0,0,SD
--,--,Jorvorskie Lane,--,--,385,0,--,--,--,--,RB,--,--,--,TB
--,--,Knowshon Moreno,--,--,386,0,--,--,--,--,RB,--,--,--,FA
0,0,Cedric Peerman,0,0.1,387,1.7,0,4.1,16.2,0,RB,0,0,0,Cin
--,--,Marcus Thigpen,--,--,388,0,--,--,--,--,RB,--,--,--,Buf
--,--,James Casey,--,--,389,0,--,--,--,--,TE,--,--,--,Den
--,--,Chase Coffman,--,--,390,0,--,--,--,--,TE,--,--,--,Ind
--,--,Bear Pascoe,--,--,391,0,--,--,--,--,TE,--,--,--,NE
0,0,Brandon Pettigrew,134,0,392,31.4,0,0,0,0,TE,11.8,1.1,0,Det
--,--,John Phillips,--,--,393,0,--,--,--,--,TE,--,--,--,SD
--,--,Brandon Gibson,--,--,394,0,--,--,--,--,WR,--,--,--,NE
0,0,Brian Hartline,356,0,395,71.7,0,0,0,0,WR,27.8,1.5,0,Cle
--,--,Percy Harvin,--,--,396,0,--,--,--,--,WR,--,--,--,Buf
0,0,Darrius Heyward-Bey,212.2,0,397,45.8,0,0,0,0,WR,14.9,1.6,0,Pit
0,0,Louis Murphy,37.1,0,398,7.5,0,0,0,0,WR,3,0.3,0,TB
--,--,Hakeem Nicks,--,--,399,0,--,--,--,--,WR,--,--,--,NO
0,0,Jordan Norwood,166.5,0,400,38.7,0,0,0,0,WR,15.2,0.9,0,Den
--,--,Kevin Ogletree,--,--,401,0,--,--,--,--,WR,--,--,--,NYG
0,0,Brandon Tate,39.3,0,402,8.8,0,0,0,0,WR,3,0.3,0,Cin
0,0,Brandon Myers,35.6,0,403,8.4,0,0,0,0,TE,3.4,0.3,0,TB
0,0,Ryan Succop,0,0,404,104.5,0,0,0,0,K,0,0,0,Ten
--,--,Darrel Young,--,--,405,0,--,--,--,--,RB,--,--,--,Wsh
--,--,Antone Smith,--,--,406,0,--,--,--,--,RB,--,--,--,Chi
--,--,Jimmy Clausen,--,--,407,0,--,--,--,--,QB,--,--,--,Bal
2.9,0.1,Colt McCoy,0,0,408,0.3,1.7,0.1,0.4,19.3,QB,0,0,0.1,Wsh
--,--,Tim Tebow,--,--,409,0,--,--,--,--,QB,--,--,--,FA
0,0,Dan LeFevour,0,0,410,0.0,0,0,0,0,QB,0,0,0,TB
--,--,Ben Tate,--,--,411,0,--,--,--,--,RB,--,--,--,Pit
--,--,Toby Gerhart,--,--,412,0,--,--,--,--,RB,--,--,--,Jax
--,--,Boobie Dixon,--,--,413,0,--,--,--,--,RB,--,--,--,Buf
0,0,Arrelious Benn,0,0,414,0.0,0,0,0,0,WR,0,0,0,Jax
0,0,Marcus Easley,16.3,0,415,3.0,0,0,0,0,WR,1.3,0.1,0,Buf
--,--,Riley Cooper,--,--,416,0,--,--,--,--,WR,--,--,--,Phi
0,0,Andre Roberts,0,0,417,0.0,0,0,0,0,WR,0,0,0,Det
0,0,Jermaine Gresham,188.9,0,418,48.5,0,0,0,0,TE,19.9,1.9,0,Ari
0,0,Dennis Pitta,0,0,419,0.0,0,0,0,0,TE,0,0,0,Bal
0,0,Ed Dickson,140.9,0,420,33.6,0,0,0,0,TE,13,1.1,0,Car
0,0,Tony Moeaki,0,0,421,0.0,0,0,0,0,TE,0,0,0,Chi
0,0,Jim Dray,31.1,0,422,7.6,0,0,0,0,TE,2.9,0.3,0,Buf
0,0,Garrett Graham,35.1,0,423,7.7,0,0,0,0,TE,3.2,0.3,0,Den
0,0,Clay Harbor,42.5,0,424,10.4,0,0,0,0,TE,3.9,0.4,0,NE
0,0,Michael Hoomanawanui,95.2,0,425,23.0,0,0,0,0,TE,8.8,0.9,0,NO
0,0,Marc Mariani,0,0,426,2.3,0,0,0,0,WR,0,0,0,Chi
--,--,Anthony McCoy,--,--,427,0,--,--,--,--,TE,--,--,--,Sea
--,--,Andrew Quarless,--,--,428,0,--,--,--,--,TE,--,--,--,GB
0,0,Joe Webb,0,0,429,0.4,0,0,0,0,QB,0,0,0,Car
0,0,Kyle Williams,0,0,430,0.0,0,0,0,0,WR,0,0,0,NYJ
0,0,Mike Williams,0,0,431,0.0,0,0,0,0,WR,0,0,0,KC
--,--,Seyi Ajirotutu,--,--,432,0,--,--,--,--,WR,--,--,--,Phi
--,--,Joique Bell,--,--,433,0,--,--,--,--,RB,--,--,--,Det
--,--,Richie Brockel,--,--,434,0,--,--,--,--,TE,--,--,--,Car
0,0,Jeff Cumberland,43.5,0,435,10.2,0,0,0,0,TE,4,0.4,0,SD
0,0,Thaddeus Lewis,0,0,436,0.0,0,0,0,0,QB,0,0,0,SF
0,0,Marlon Moore,0,0,437,0.0,0,0,0,0,WR,0,0,0,Cle
0,0,Bryan Walters,19.2,0,438,3.3,0,0,0,0,WR,1.5,0.1,0,Jax
--,--,Preston Parker,--,--,439,0,--,--,--,--,WR,--,--,--,FA
0,0,Logan Paulsen,41.5,0,440,9.9,0,0,0,0,TE,3.8,0.4,0,Wsh
